date,batch_id,product,production_unit,quantity_tons,density_g_cm3,sensitivity_index,operator,safety_checks_passed
2024-01-01,EB3001,Detonator Assembly D-Nonel,Packaging-P1,3.72,1.034,72.1,Op_Layla,1
2024-01-02,EB3002,ANFO Bulk,Mixer-M1,19.43,0.921,78.7,Op_Layla,1
2024-01-03,EB3003,Emulsion Explosive E1,Packaging-P1,12.05,1.086,89.2,Op_Hassan,1
2024-01-07,EB3004,Detonator Assembly D-Nonel,Mixer-M1,7.69,1.021,87.1,Op_Layla,1
2024-01-08,EB3005,Detonator Assembly D-Nonel,Mixer-M2,17.41,1.045,79.1,Op_Majid,1
2024-01-09,EB3006,Detonator Assembly D-Nonel,Mixer-M2,19.86,1.149,71.6,Op_Layla,1
2024-01-10,EB3007,ANFO Bulk,Mixer-M1,0.77,0.906,80.3,Op_Hassan,1
2024-01-11,EB3008,ANFO Bulk,Packaging-P1,11.78,0.927,74.9,Op_Layla,1
2024-01-12,EB3009,Detonator Assembly D-Nonel,Mixer-M1,11.25,1.018,76.8,Op_Layla,1
2024-01-14,EB3010,ANFO Bulk,Mixer-M1,5.49,0.99,78.5,Op_Hassan,1
2024-01-17,EB3011,Detonator Assembly D-Nonel,Mixer-M1,2.05,1.029,76.7,Op_Hassan,1
2024-01-18,EB3012,ANFO Bulk,Mixer-M2,5.71,0.896,84.0,Op_Hassan,1
2024-01-20,EB3013,Detonator Assembly D-Nonel,Packaging-P1,18.7,1.181,83.7,Op_Layla,1
2024-01-21,EB3014,Emulsion Explosive E1,Packaging-P1,16.39,1.054,74.0,Op_Majid,1
2024-01-23,EB3015,Detonator Assembly D-Nonel,Packaging-P1,7.0,1.1,77.5,Op_Layla,1
2024-01-24,EB3016,ANFO Bulk,Mixer-M2,1.33,0.981,75.2,Op_Layla,1
2024-01-26,EB3017,Detonator Assembly D-Nonel,Packaging-P1,14.82,1.185,84.9,Op_Majid,1
2024-01-28,EB3018,ANFO Bulk,Packaging-P1,9.09,0.871,81.2,Op_Layla,1
2024-01-30,EB3019,Emulsion Explosive E1,Mixer-M1,11.47,1.158,84.3,Op_Layla,1
2024-01-31,EB3020,Detonator Assembly D-Nonel,Packaging-P1,10.31,1.066,78.5,Op_Hassan,1
2024-02-02,EB3021,Detonator Assembly D-Nonel,Mixer-M2,6.07,1.095,76.7,Op_Layla,1
2024-02-04,EB3022,ANFO Bulk,Mixer-M2,2.78,0.978,70.3,Op_Layla,1
2024-02-05,EB3023,Emulsion Explosive E1,Mixer-M1,1.75,1.098,89.2,Op_Layla,1
2024-02-07,EB3024,Emulsion Explosive E1,Mixer-M1,2.11,1.062,74.3,Op_Layla,1
2024-02-09,EB3025,Emulsion Explosive E1,Packaging-P1,2.03,1.047,85.1,Op_Majid,1
2024-02-12,EB3026,Emulsion Explosive E1,Packaging-P1,7.11,1.103,82.6,Op_Hassan,1
2024-02-13,EB3027,ANFO Bulk,Mixer-M1,13.44,0.965,75.8,Op_Layla,1
2024-02-15,EB3028,ANFO Bulk,Mixer-M2,3.46,0.94,83.5,Op_Majid,1
2024-02-16,EB3029,Emulsion Explosive E1,Packaging-P1,5.38,1.123,86.4,Op_Layla,1
2024-02-18,EB3030,Emulsion Explosive E1,Mixer-M2,9.4,1.151,78.9,Op_Layla,1
2024-02-19,EB3031,ANFO Bulk,Mixer-M1,19.12,0.907,79.3,Op_Hassan,1
2024-02-23,EB3032,ANFO Bulk,Packaging-P1,2.34,0.907,85.8,Op_Majid,1
2024-02-24,EB3033,ANFO Bulk,Packaging-P1,14.33,1.063,67.8,Op_Hassan,1
2024-02-26,EB3034,ANFO Bulk,Mixer-M1,6.98,0.961,87.5,Op_Majid,1
2024-02-28,EB3035,Detonator Assembly D-Nonel,Packaging-P1,5.54,1.028,78.0,Op_Hassan,1
2024-02-29,EB3036,Emulsion Explosive E1,Packaging-P1,6.88,1.096,80.3,Op_Layla,1
2024-03-03,EB3037,Emulsion Explosive E1,Mixer-M1,11.84,1.059,78.5,Op_Hassan,1
2024-03-05,EB3038,Detonator Assembly D-Nonel,Mixer-M2,18.31,1.093,79.9,Op_Layla,1
2024-03-08,EB3039,ANFO Bulk,Mixer-M2,17.33,0.979,75.6,Op_Hassan,1
2024-03-09,EB3040,Detonator Assembly D-Nonel,Packaging-P1,8.21,1.057,72.8,Op_Layla,1
2024-03-12,EB3041,Emulsion Explosive E1,Packaging-P1,8.17,1.098,76.3,Op_Layla,1
2024-03-13,EB3042,Detonator Assembly D-Nonel,Mixer-M2,7.41,1.123,71.8,Op_Layla,1
2024-03-14,EB3043,Emulsion Explosive E1,Mixer-M2,13.49,1.103,81.0,Op_Hassan,1
2024-03-15,EB3044,Emulsion Explosive E1,Mixer-M2,2.09,1.039,78.5,Op_Majid,1
2024-03-17,EB3045,Detonator Assembly D-Nonel,Mixer-M1,5.3,1.063,83.0,Op_Majid,1
2024-03-18,EB3046,Detonator Assembly D-Nonel,Mixer-M2,11.89,1.103,83.3,Op_Majid,1
2024-03-19,EB3047,Emulsion Explosive E1,Mixer-M2,1.22,1.093,84.3,Op_Layla,1
2024-03-20,EB3048,Emulsion Explosive E1,Mixer-M2,12.16,1.187,84.2,Op_Majid,1
2024-03-21,EB3049,Detonator Assembly D-Nonel,Mixer-M2,10.88,1.112,76.3,Op_Hassan,1
2024-03-23,EB3050,Emulsion Explosive E1,Packaging-P1,14.26,1.17,74.5,Op_Hassan,1
2024-03-24,EB3051,Emulsion Explosive E1,Mixer-M1,1.64,1.082,76.0,Op_Majid,1
2024-03-27,EB3052,ANFO Bulk,Packaging-P1,1.21,1.0,76.4,Op_Layla,1
2024-03-28,EB3053,Emulsion Explosive E1,Mixer-M1,19.42,1.075,71.2,Op_Majid,1
2024-03-30,EB3054,Emulsion Explosive E1,Mixer-M1,1.26,1.105,88.8,Op_Majid,1
2024-04-02,EB3055,ANFO Bulk,Packaging-P1,11.43,0.954,79.2,Op_Hassan,1
2024-04-04,EB3056,Emulsion Explosive E1,Mixer-M1,18.87,1.041,78.5,Op_Layla,1
2024-04-05,EB3057,Emulsion Explosive E1,Mixer-M1,0.71,1.102,79.3,Op_Hassan,1
2024-04-07,EB3058,ANFO Bulk,Packaging-P1,17.1,0.942,86.4,Op_Layla,1
2024-04-08,EB3059,Emulsion Explosive E1,Mixer-M1,12.41,1.037,87.0,Op_Majid,1
2024-04-09,EB3060,Detonator Assembly D-Nonel,Packaging-P1,8.45,1.115,80.0,Op_Hassan,1
2024-04-11,EB3061,ANFO Bulk,Packaging-P1,18.97,0.859,67.7,Op_Layla,1
2024-04-13,EB3062,Detonator Assembly D-Nonel,Mixer-M1,2.13,1.06,76.3,Op_Layla,1
2024-04-14,EB3063,Emulsion Explosive E1,Mixer-M1,15.8,1.185,78.1,Op_Hassan,1
2024-04-16,EB3064,Detonator Assembly D-Nonel,Mixer-M1,2.45,1.122,76.3,Op_Majid,1
2024-04-17,EB3065,Emulsion Explosive E1,Mixer-M2,4.08,1.093,82.7,Op_Hassan,1
2024-04-19,EB3066,ANFO Bulk,Mixer-M2,15.55,0.989,71.5,Op_Hassan,1
2024-04-20,EB3067,ANFO Bulk,Mixer-M1,15.9,1.015,78.6,Op_Hassan,1
2024-04-21,EB3068,ANFO Bulk,Mixer-M2,2.82,0.903,89.3,Op_Layla,1
2024-04-22,EB3069,Emulsion Explosive E1,Packaging-P1,12.91,1.093,74.3,Op_Hassan,1
2024-04-23,EB3070,Detonator Assembly D-Nonel,Packaging-P1,7.42,1.177,84.3,Op_Hassan,1
2024-04-27,EB3071,Emulsion Explosive E1,Mixer-M1,3.52,1.061,74.4,Op_Layla,1
2024-04-28,EB3072,Emulsion Explosive E1,Mixer-M1,2.88,1.142,88.2,Op_Layla,1
2024-04-29,EB3073,Emulsion Explosive E1,Mixer-M2,2.92,1.137,80.4,Op_Layla,1
2024-05-02,EB3074,Emulsion Explosive E1,Packaging-P1,19.05,1.174,77.2,Op_Majid,1
2024-05-03,EB3075,Detonator Assembly D-Nonel,Packaging-P1,5.04,1.068,73.5,Op_Layla,1
2024-05-04,EB3076,ANFO Bulk,Packaging-P1,11.7,0.964,77.0,Op_Majid,1
2024-05-07,EB3077,ANFO Bulk,Mixer-M2,7.91,0.867,80.2,Op_Majid,1
2024-05-09,EB3078,ANFO Bulk,Mixer-M1,2.78,0.992,94.4,Op_Majid,1
2024-05-11,EB3079,Emulsion Explosive E1,Packaging-P1,3.91,1.045,81.1,Op_Layla,1
2024-05-13,EB3080,Detonator Assembly D-Nonel,Mixer-M2,11.28,1.138,85.1,Op_Hassan,1
2024-05-15,EB3081,Detonator Assembly D-Nonel,Mixer-M1,18.03,1.136,87.8,Op_Hassan,1
2024-05-17,EB3082,Detonator Assembly D-Nonel,Packaging-P1,2.55,1.191,77.6,Op_Majid,1
2024-05-18,EB3083,Detonator Assembly D-Nonel,Mixer-M2,17.81,1.082,79.3,Op_Hassan,1
2024-05-19,EB3084,Emulsion Explosive E1,Mixer-M1,4.14,1.107,79.9,Op_Layla,1
2024-05-20,EB3085,Emulsion Explosive E1,Mixer-M2,8.05,1.074,84.2,Op_Layla,0
2024-05-22,EB3086,Emulsion Explosive E1,Mixer-M1,15.82,1.03,72.8,Op_Hassan,1
2024-05-23,EB3087,Detonator Assembly D-Nonel,Packaging-P1,7.69,1.146,79.9,Op_Layla,1
2024-05-24,EB3088,Emulsion Explosive E1,Mixer-M2,17.11,1.154,72.8,Op_Layla,1
2024-05-26,EB3089,ANFO Bulk,Mixer-M1,6.03,0.948,79.7,Op_Majid,1
2024-05-27,EB3090,Emulsion Explosive E1,Mixer-M2,5.98,1.081,83.9,Op_Majid,1
2024-05-28,EB3091,ANFO Bulk,Mixer-M2,7.96,0.994,85.3,Op_Majid,1
2024-05-29,EB3092,ANFO Bulk,Packaging-P1,12.4,0.941,83.5,Op_Layla,1
2024-05-30,EB3093,Emulsion Explosive E1,Mixer-M1,2.24,1.125,79.3,Op_Hassan,1
2024-05-31,EB3094,Emulsion Explosive E1,Packaging-P1,16.29,1.044,84.4,Op_Hassan,1
2024-06-01,EB3095,Detonator Assembly D-Nonel,Mixer-M1,18.08,1.122,77.1,Op_Majid,1
2024-06-02,EB3096,Detonator Assembly D-Nonel,Packaging-P1,14.28,1.097,78.4,Op_Hassan,1
2024-06-03,EB3097,Emulsion Explosive E1,Mixer-M1,9.31,1.128,74.4,Op_Layla,1
2024-06-04,EB3098,ANFO Bulk,Packaging-P1,3.67,1.062,75.7,Op_Hassan,1
2024-06-06,EB3099,Detonator Assembly D-Nonel,Mixer-M2,3.87,1.096,71.8,Op_Hassan,1
2024-06-07,EB3100,ANFO Bulk,Packaging-P1,12.73,0.87,77.9,Op_Hassan,1
2024-06-09,EB3101,Detonator Assembly D-Nonel,Mixer-M1,18.76,1.146,87.9,Op_Hassan,1
2024-06-10,EB3102,Detonator Assembly D-Nonel,Packaging-P1,7.38,1.152,86.7,Op_Hassan,1
2024-06-11,EB3103,Emulsion Explosive E1,Mixer-M1,16.38,1.041,75.3,Op_Hassan,1
2024-06-12,EB3104,Detonator Assembly D-Nonel,Mixer-M2,15.11,1.118,87.7,Op_Layla,1
2024-06-13,EB3105,Emulsion Explosive E1,Mixer-M2,2.66,1.05,78.8,Op_Hassan,1
2024-06-14,EB3106,ANFO Bulk,Mixer-M1,6.23,0.929,84.2,Op_Hassan,1
2024-06-15,EB3107,ANFO Bulk,Mixer-M2,17.59,0.944,81.5,Op_Majid,1
2024-06-16,EB3108,Detonator Assembly D-Nonel,Packaging-P1,19.51,1.123,80.0,Op_Hassan,1
2024-06-18,EB3109,ANFO Bulk,Mixer-M2,13.56,0.905,76.4,Op_Hassan,1
2024-06-19,EB3110,Detonator Assembly D-Nonel,Packaging-P1,12.5,1.113,71.9,Op_Majid,1
2024-06-20,EB3111,ANFO Bulk,Mixer-M2,10.0,1.003,85.2,Op_Layla,1
2024-06-21,EB3112,Detonator Assembly D-Nonel,Packaging-P1,15.1,1.103,93.4,Op_Hassan,1
2024-06-24,EB3113,ANFO Bulk,Mixer-M2,4.33,0.894,83.3,Op_Hassan,1
2024-06-25,EB3114,ANFO Bulk,Mixer-M2,13.7,0.983,81.6,Op_Hassan,1
2024-06-26,EB3115,ANFO Bulk,Mixer-M1,14.39,0.981,77.1,Op_Majid,1
2024-06-28,EB3116,Emulsion Explosive E1,Mixer-M1,17.44,1.149,80.0,Op_Majid,1
2024-06-29,EB3117,Detonator Assembly D-Nonel,Packaging-P1,16.71,1.158,75.5,Op_Layla,1
2024-07-01,EB3118,Detonator Assembly D-Nonel,Mixer-M2,8.52,1.099,80.9,Op_Hassan,1
2024-07-04,EB3119,ANFO Bulk,Mixer-M1,15.97,0.98,79.5,Op_Hassan,1
2024-07-07,EB3120,ANFO Bulk,Mixer-M2,7.78,0.941,70.9,Op_Hassan,1
2024-07-08,EB3121,ANFO Bulk,Mixer-M1,7.74,0.851,91.5,Op_Hassan,1
2024-07-09,EB3122,Detonator Assembly D-Nonel,Mixer-M1,10.07,1.157,81.2,Op_Layla,1
2024-07-13,EB3123,Emulsion Explosive E1,Packaging-P1,1.21,0.958,77.5,Op_Layla,1
2024-07-15,EB3124,ANFO Bulk,Mixer-M2,11.98,1.031,79.5,Op_Layla,1
2024-07-17,EB3125,ANFO Bulk,Mixer-M1,9.67,0.869,82.7,Op_Hassan,1
2024-07-18,EB3126,Detonator Assembly D-Nonel,Mixer-M1,4.28,1.078,73.6,Op_Hassan,1
2024-07-21,EB3127,Emulsion Explosive E1,Mixer-M2,17.05,0.998,80.2,Op_Hassan,1
2024-07-26,EB3128,Emulsion Explosive E1,Mixer-M2,19.57,1.089,86.9,Op_Hassan,1
2024-07-27,EB3129,Emulsion Explosive E1,Mixer-M1,15.66,1.075,82.6,Op_Hassan,1
2024-07-30,EB3130,Detonator Assembly D-Nonel,Packaging-P1,7.43,1.106,74.7,Op_Layla,1
2024-08-03,EB3131,ANFO Bulk,Packaging-P1,2.32,0.892,81.1,Op_Layla,1
2024-08-04,EB3132,ANFO Bulk,Mixer-M2,5.82,1.016,76.8,Op_Majid,1
2024-08-05,EB3133,Emulsion Explosive E1,Packaging-P1,11.32,1.096,83.9,Op_Layla,0
2024-08-07,EB3134,ANFO Bulk,Packaging-P1,6.1,1.019,75.4,Op_Majid,1
2024-08-09,EB3135,Detonator Assembly D-Nonel,Packaging-P1,17.88,1.076,84.7,Op_Majid,1
2024-08-10,EB3136,ANFO Bulk,Mixer-M2,3.87,0.945,75.7,Op_Hassan,1
2024-08-13,EB3137,Emulsion Explosive E1,Mixer-M1,5.27,1.122,89.7,Op_Majid,1
2024-08-14,EB3138,Emulsion Explosive E1,Packaging-P1,19.02,1.068,82.9,Op_Hassan,1
2024-08-17,EB3139,Emulsion Explosive E1,Mixer-M1,11.7,1.081,81.1,Op_Hassan,1
2024-08-18,EB3140,Detonator Assembly D-Nonel,Mixer-M1,8.77,1.05,75.7,Op_Layla,1
2024-08-20,EB3141,Detonator Assembly D-Nonel,Packaging-P1,1.29,1.088,84.7,Op_Majid,1
2024-08-21,EB3142,Emulsion Explosive E1,Packaging-P1,5.89,1.066,90.4,Op_Layla,1
2024-08-22,EB3143,Detonator Assembly D-Nonel,Mixer-M2,16.45,1.017,78.7,Op_Hassan,1
2024-08-24,EB3144,ANFO Bulk,Mixer-M1,16.52,0.988,75.6,Op_Hassan,1
2024-08-25,EB3145,Detonator Assembly D-Nonel,Packaging-P1,17.09,1.203,73.4,Op_Layla,1
2024-08-26,EB3146,Detonator Assembly D-Nonel,Packaging-P1,12.57,1.097,83.5,Op_Majid,1
2024-08-27,EB3147,Emulsion Explosive E1,Packaging-P1,16.22,1.059,80.3,Op_Layla,1
2024-09-01,EB3148,Emulsion Explosive E1,Mixer-M1,15.85,1.077,83.2,Op_Layla,1
2024-09-03,EB3149,ANFO Bulk,Mixer-M2,12.98,0.851,77.5,Op_Hassan,1
2024-09-06,EB3150,ANFO Bulk,Mixer-M2,12.33,1.032,87.4,Op_Hassan,1
2024-09-08,EB3151,Emulsion Explosive E1,Mixer-M1,11.03,1.02,86.1,Op_Layla,1
2024-09-10,EB3152,Emulsion Explosive E1,Packaging-P1,5.92,1.122,87.7,Op_Majid,1
2024-09-11,EB3153,Detonator Assembly D-Nonel,Packaging-P1,16.59,1.064,79.9,Op_Layla,0
2024-09-15,EB3154,Emulsion Explosive E1,Mixer-M2,7.93,1.065,75.9,Op_Hassan,1
2024-09-16,EB3155,ANFO Bulk,Mixer-M2,13.46,0.913,76.8,Op_Hassan,1
2024-09-18,EB3156,Emulsion Explosive E1,Mixer-M1,11.19,1.071,75.6,Op_Layla,1
2024-09-20,EB3157,Emulsion Explosive E1,Mixer-M2,15.93,1.116,69.2,Op_Majid,1
2024-09-22,EB3158,Detonator Assembly D-Nonel,Mixer-M2,14.47,1.077,74.3,Op_Layla,1
2024-09-23,EB3159,Detonator Assembly D-Nonel,Mixer-M1,16.44,1.118,75.4,Op_Layla,1
2024-09-24,EB3160,Emulsion Explosive E1,Mixer-M1,6.54,1.059,81.0,Op_Hassan,1
2024-09-27,EB3161,Emulsion Explosive E1,Mixer-M1,14.64,1.004,72.8,Op_Majid,1
2024-09-29,EB3162,ANFO Bulk,Mixer-M1,15.71,0.879,84.8,Op_Layla,1
2024-09-30,EB3163,Detonator Assembly D-Nonel,Packaging-P1,12.57,1.07,84.7,Op_Hassan,1
2024-10-02,EB3164,Detonator Assembly D-Nonel,Mixer-M2,9.08,1.078,71.0,Op_Layla,1
2024-10-03,EB3165,Emulsion Explosive E1,Mixer-M2,8.97,1.101,82.2,Op_Hassan,1
2024-10-08,EB3166,Emulsion Explosive E1,Packaging-P1,4.1,1.112,81.2,Op_Majid,1
2024-10-12,EB3167,Detonator Assembly D-Nonel,Mixer-M2,10.07,1.087,73.3,Op_Layla,1
2024-10-14,EB3168,Emulsion Explosive E1,Packaging-P1,13.4,1.16,82.7,Op_Hassan,1
2024-10-15,EB3169,Emulsion Explosive E1,Packaging-P1,4.58,1.068,87.5,Op_Layla,1
2024-10-17,EB3170,ANFO Bulk,Mixer-M1,16.14,0.934,78.4,Op_Hassan,1
2024-10-18,EB3171,ANFO Bulk,Mixer-M1,4.98,0.949,77.8,Op_Majid,1
2024-10-20,EB3172,Detonator Assembly D-Nonel,Mixer-M2,10.82,1.169,86.4,Op_Majid,1
2024-10-23,EB3173,Emulsion Explosive E1,Mixer-M2,10.47,1.069,71.8,Op_Hassan,1
2024-10-24,EB3174,Emulsion Explosive E1,Mixer-M1,0.91,1.021,85.6,Op_Majid,1
2024-10-25,EB3175,ANFO Bulk,Packaging-P1,7.62,0.971,85.7,Op_Majid,1
2024-10-28,EB3176,Detonator Assembly D-Nonel,Mixer-M2,6.39,1.107,81.2,Op_Majid,1
2024-10-30,EB3177,Detonator Assembly D-Nonel,Mixer-M2,17.09,1.065,74.0,Op_Hassan,1
2024-10-31,EB3178,Emulsion Explosive E1,Packaging-P1,12.97,1.047,84.5,Op_Hassan,1
2024-11-01,EB3179,Emulsion Explosive E1,Mixer-M2,10.94,1.139,79.7,Op_Layla,1
2024-11-02,EB3180,Emulsion Explosive E1,Packaging-P1,19.55,1.183,86.4,Op_Layla,1
2024-11-03,EB3181,Emulsion Explosive E1,Packaging-P1,2.98,0.966,81.2,Op_Hassan,1
2024-11-04,EB3182,Emulsion Explosive E1,Mixer-M2,5.6,1.091,78.6,Op_Majid,0
2024-11-06,EB3183,Detonator Assembly D-Nonel,Mixer-M2,13.22,1.127,83.0,Op_Hassan,1
2024-11-08,EB3184,ANFO Bulk,Packaging-P1,8.42,0.967,85.4,Op_Majid,1
2024-11-10,EB3185,ANFO Bulk,Mixer-M2,10.01,0.991,83.5,Op_Layla,1
2024-11-11,EB3186,ANFO Bulk,Mixer-M2,14.25,1.005,76.8,Op_Hassan,1
2024-11-13,EB3187,Emulsion Explosive E1,Packaging-P1,13.62,1.15,76.0,Op_Layla,1
2024-11-14,EB3188,Emulsion Explosive E1,Packaging-P1,14.12,1.126,68.9,Op_Layla,1
2024-11-15,EB3189,ANFO Bulk,Mixer-M1,3.19,1.022,78.8,Op_Layla,1
2024-11-17,EB3190,Emulsion Explosive E1,Mixer-M2,19.71,1.029,76.7,Op_Layla,1
2024-11-20,EB3191,Detonator Assembly D-Nonel,Mixer-M2,12.61,1.151,74.2,Op_Hassan,1
2024-11-21,EB3192,Emulsion Explosive E1,Packaging-P1,15.53,1.064,77.1,Op_Hassan,1
2024-11-26,EB3193,Emulsion Explosive E1,Mixer-M1,7.23,1.111,75.6,Op_Hassan,1
2024-11-29,EB3194,ANFO Bulk,Mixer-M1,2.24,0.981,81.4,Op_Majid,1
2024-12-01,EB3195,Emulsion Explosive E1,Packaging-P1,16.83,1.093,76.4,Op_Layla,1
2024-12-06,EB3196,Detonator Assembly D-Nonel,Packaging-P1,6.98,1.113,70.6,Op_Hassan,1
2024-12-09,EB3197,Detonator Assembly D-Nonel,Packaging-P1,15.23,1.102,80.0,Op_Hassan,1
2024-12-12,EB3198,Emulsion Explosive E1,Packaging-P1,16.83,1.115,87.6,Op_Hassan,1
2024-12-13,EB3199,Detonator Assembly D-Nonel,Mixer-M1,7.94,1.006,85.1,Op_Hassan,0
2024-12-15,EB3200,ANFO Bulk,Packaging-P1,6.42,0.972,73.0,Op_Majid,1
2024-12-17,EB3201,Detonator Assembly D-Nonel,Packaging-P1,4.57,1.148,84.5,Op_Majid,1
2024-12-18,EB3202,ANFO Bulk,Packaging-P1,14.43,0.952,79.1,Op_Hassan,1
2024-12-23,EB3203,Emulsion Explosive E1,Mixer-M2,4.41,1.037,72.4,Op_Hassan,1
2024-12-24,EB3204,Emulsion Explosive E1,Mixer-M2,11.46,1.146,72.8,Op_Majid,1
2024-12-27,EB3205,Emulsion Explosive E1,Mixer-M2,18.63,1.074,81.2,Op_Hassan,1
