incident_id,date,equipment,severity,description,root_cause,downtime_hours,resolved
IN9001,2024-09-23,Storage-Tank-01,Minor,Fire near packaging area,Static discharge,1.58,0
IN9002,2024-02-17,Storage-Tank-01,Minor,Minor ignition - contained,Equipment failure,10.87,1
IN9003,2024-02-14,Storage-Tank-01,Minor,Spillage during transfer,Static discharge,1.05,1
IN9004,2024-06-25,Storage-Tank-01,Critical,Overpressure in storage tank,Equipment failure,6.82,1
IN9005,2024-02-22,Packaging-P1,Critical,Fire near packaging area,Static discharge,4.45,1
IN9006,2024-05-13,Storage-Tank-01,Minor,Vehicle incident during transport,Operator error,9.08,1
IN9007,2024-04-05,Packaging-P1,Critical,Fire near packaging area,Static discharge,12.39,1
IN9008,2024-03-01,Storage-Tank-01,Critical,Overpressure in storage tank,Unknown,13.16,1
IN9009,2024-01-01,Truck-T1,Minor,Fire near packaging area,Unknown,7.52,1
IN9010,2024-07-17,Mixer-M1,Minor,Spillage during transfer,Loose fitting,2.71,0
IN9011,2024-05-02,Mixer-M1,Major,Overpressure in storage tank,Loose fitting,5.24,1
IN9012,2024-10-29,Mixer-M1,Minor,Minor ignition - contained,Static discharge,0.9,1
IN9013,2024-02-12,Storage-Tank-01,Critical,Spillage during transfer,Unknown,4.55,1
IN9014,2024-09-27,Truck-T1,Major,Minor ignition - contained,Static discharge,5.38,1
IN9015,2024-09-02,Packaging-P1,Minor,Spillage during transfer,Operator error,9.69,1
IN9016,2024-08-19,Truck-T1,Minor,Minor ignition - contained,Equipment failure,5.07,0
IN9017,2024-06-19,Truck-T1,Major,Fire near packaging area,Operator error,0.14,1
IN9018,2024-08-03,Mixer-M1,Minor,Spillage during transfer,Static discharge,3.03,1
IN9019,2024-05-15,Packaging-P1,Major,Spillage during transfer,Static discharge,1.68,1
IN9020,2024-09-23,Truck-T1,Minor,Fire near packaging area,Loose fitting,9.19,1
IN9021,2024-11-24,Truck-T1,Critical,Minor ignition - contained,Unknown,7.75,1
IN9022,2024-07-16,Mixer-M1,Major,Minor ignition - contained,Operator error,10.2,1
IN9023,2024-06-23,Storage-Tank-01,Minor,Minor ignition - contained,Loose fitting,11.93,1
IN9024,2024-05-18,Storage-Tank-01,Minor,Overpressure in storage tank,Operator error,0.57,1
IN9025,2024-05-31,Truck-T1,Minor,Minor ignition - contained,Loose fitting,11.18,1
IN9026,2024-11-14,Mixer-M1,Critical,Spillage during transfer,Static discharge,6.87,1
IN9027,2024-06-20,Storage-Tank-01,Critical,Vehicle incident during transport,Static discharge,3.02,1
IN9028,2024-04-18,Truck-T1,Major,Vehicle incident during transport,Loose fitting,5.9,1
IN9029,2024-09-19,Storage-Tank-01,Minor,Spillage during transfer,Unknown,6.95,1
IN9030,2024-09-11,Mixer-M1,Major,Vehicle incident during transport,Operator error,6.46,1
IN9031,2024-11-15,Packaging-P1,Minor,Fire near packaging area,Equipment failure,7.98,1
IN9032,2024-01-08,Packaging-P1,Minor,Spillage during transfer,Operator error,9.74,1
IN9033,2024-10-21,Packaging-P1,Major,Overpressure in storage tank,Operator error,8.8,1
IN9034,2024-07-22,Truck-T1,Minor,Vehicle incident during transport,Equipment failure,4.65,1
IN9035,2024-03-16,Packaging-P1,Critical,Overpressure in storage tank,Loose fitting,2.56,1
IN9036,2024-02-23,Truck-T1,Critical,Minor ignition - contained,Loose fitting,9.43,1
IN9037,2024-08-17,Truck-T1,Major,Minor ignition - contained,Unknown,0.46,1
IN9038,2024-10-16,Packaging-P1,Minor,Overpressure in storage tank,Operator error,7.24,1
IN9039,2024-04-07,Packaging-P1,Critical,Fire near packaging area,Static discharge,13.2,1
IN9040,2024-03-09,Truck-T1,Minor,Vehicle incident during transport,Equipment failure,7.88,1
IN9041,2024-10-18,Mixer-M1,Minor,Spillage during transfer,Loose fitting,8.51,1
IN9042,2024-02-29,Mixer-M1,Minor,Vehicle incident during transport,Equipment failure,7.93,1
IN9043,2024-09-12,Mixer-M1,Minor,Vehicle incident during transport,Loose fitting,9.05,1
IN9044,2024-11-27,Packaging-P1,Major,Spillage during transfer,Loose fitting,5.62,1
IN9045,2024-01-16,Packaging-P1,Critical,Spillage during transfer,Unknown,8.51,1
IN9046,2024-02-29,Storage-Tank-01,Minor,Overpressure in storage tank,Unknown,7.35,1
IN9047,2024-03-15,Mixer-M1,Critical,Vehicle incident during transport,Equipment failure,4.36,1
IN9048,2024-12-30,Mixer-M1,Minor,Minor ignition - contained,Unknown,3.64,1
IN9049,2024-12-14,Packaging-P1,Critical,Spillage during transfer,Equipment failure,12.61,1
IN9050,2024-01-10,Packaging-P1,Major,Vehicle incident during transport,Equipment failure,11.29,1
IN9051,2024-08-25,Mixer-M1,Minor,Spillage during transfer,Operator error,10.08,1
IN9052,2024-03-01,Mixer-M1,Major,Fire near packaging area,Loose fitting,4.58,1
IN9053,2024-09-13,Truck-T1,Major,Minor ignition - contained,Loose fitting,0.96,1
IN9054,2024-02-12,Packaging-P1,Major,Overpressure in storage tank,Operator error,13.54,1
IN9055,2024-08-12,Storage-Tank-01,Minor,Vehicle incident during transport,Loose fitting,4.52,0
IN9056,2024-07-23,Truck-T1,Minor,Overpressure in storage tank,Loose fitting,4.51,1
IN9057,2024-10-02,Truck-T1,Critical,Overpressure in storage tank,Static discharge,1.56,1
IN9058,2024-06-03,Truck-T1,Critical,Vehicle incident during transport,Operator error,12.56,1
IN9059,2024-08-07,Truck-T1,Critical,Minor ignition - contained,Loose fitting,8.61,1
IN9060,2024-04-23,Storage-Tank-01,Critical,Overpressure in storage tank,Static discharge,6.89,1
IN9061,2024-12-16,Packaging-P1,Major,Fire near packaging area,Static discharge,3.56,1
IN9062,2024-05-14,Packaging-P1,Critical,Spillage during transfer,Loose fitting,9.38,1
IN9063,2024-08-10,Truck-T1,Critical,Fire near packaging area,Static discharge,9.3,1
IN9064,2024-04-28,Truck-T1,Critical,Overpressure in storage tank,Loose fitting,4.47,1
IN9065,2024-11-05,Truck-T1,Critical,Fire near packaging area,Loose fitting,0.46,1
IN9066,2024-10-15,Packaging-P1,Major,Spillage during transfer,Static discharge,2.18,1
IN9067,2024-07-23,Truck-T1,Minor,Minor ignition - contained,Operator error,3.77,1
IN9068,2024-05-18,Storage-Tank-01,Major,Fire near packaging area,Static discharge,9.18,1
IN9069,2024-03-09,Mixer-M1,Major,Overpressure in storage tank,Operator error,3.09,1
IN9070,2024-06-19,Packaging-P1,Major,Minor ignition - contained,Loose fitting,11.01,1
IN9071,2024-10-11,Truck-T1,Major,Fire near packaging area,Unknown,7.94,1
IN9072,2024-03-09,Truck-T1,Major,Overpressure in storage tank,Loose fitting,4.82,1
IN9073,2024-02-05,Truck-T1,Critical,Minor ignition - contained,Unknown,2.25,1
IN9074,2024-11-20,Packaging-P1,Critical,Fire near packaging area,Equipment failure,6.97,1
IN9075,2024-07-02,Truck-T1,Minor,Minor ignition - contained,Operator error,9.8,1
IN9076,2024-11-14,Storage-Tank-01,Minor,Spillage during transfer,Loose fitting,1.93,1
IN9077,2024-05-03,Packaging-P1,Critical,Minor ignition - contained,Unknown,0.42,1
IN9078,2024-07-21,Storage-Tank-01,Critical,Minor ignition - contained,Static discharge,14.38,1
IN9079,2024-05-08,Truck-T1,Major,Minor ignition - contained,Unknown,6.06,1
IN9080,2024-07-03,Storage-Tank-01,Minor,Fire near packaging area,Equipment failure,7.34,1
IN9081,2024-09-13,Storage-Tank-01,Critical,Fire near packaging area,Operator error,10.5,1
IN9082,2024-09-30,Mixer-M1,Critical,Overpressure in storage tank,Static discharge,10.96,1
IN9083,2024-05-02,Mixer-M1,Critical,Spillage during transfer,Loose fitting,1.84,1
IN9084,2024-08-22,Mixer-M1,Critical,Spillage during transfer,Unknown,6.01,1
IN9085,2024-09-27,Mixer-M1,Critical,Minor ignition - contained,Equipment failure,8.03,1
IN9086,2024-08-25,Storage-Tank-01,Critical,Overpressure in storage tank,Static discharge,12.94,0
IN9087,2024-08-13,Mixer-M1,Major,Fire near packaging area,Unknown,3.0,1
IN9088,2024-09-25,Storage-Tank-01,Major,Spillage during transfer,Equipment failure,5.29,1
IN9089,2024-06-22,Truck-T1,Major,Overpressure in storage tank,Loose fitting,8.22,1
IN9090,2024-12-04,Mixer-M1,Critical,Fire near packaging area,Static discharge,10.42,1
IN9091,2024-11-22,Packaging-P1,Minor,Minor ignition - contained,Operator error,4.27,1
IN9092,2024-03-01,Packaging-P1,Major,Spillage during transfer,Static discharge,9.07,0
IN9093,2024-07-29,Mixer-M1,Minor,Minor ignition - contained,Loose fitting,0.99,1
IN9094,2024-10-28,Storage-Tank-01,Critical,Minor ignition - contained,Operator error,10.16,1
IN9095,2024-03-02,Storage-Tank-01,Minor,Fire near packaging area,Equipment failure,10.14,1
IN9096,2024-06-19,Storage-Tank-01,Critical,Spillage during transfer,Operator error,6.57,1
IN9097,2024-02-16,Truck-T1,Critical,Overpressure in storage tank,Static discharge,13.99,1
IN9098,2024-05-23,Truck-T1,Minor,Spillage during transfer,Unknown,10.86,1
IN9099,2024-10-23,Truck-T1,Minor,Fire near packaging area,Loose fitting,1.44,1
IN9100,2024-10-27,Packaging-P1,Major,Overpressure in storage tank,Equipment failure,1.46,1
IN9101,2024-04-07,Truck-T1,Critical,Spillage during transfer,Equipment failure,3.25,1
IN9102,2024-01-28,Truck-T1,Major,Minor ignition - contained,Unknown,5.18,1
IN9103,2024-10-29,Mixer-M1,Major,Minor ignition - contained,Unknown,2.27,1
IN9104,2024-12-25,Mixer-M1,Minor,Minor ignition - contained,Unknown,2.47,1
IN9105,2024-01-22,Mixer-M1,Minor,Vehicle incident during transport,Unknown,4.05,0
IN9106,2024-07-09,Mixer-M1,Major,Vehicle incident during transport,Equipment failure,2.66,0
IN9107,2024-09-10,Truck-T1,Critical,Spillage during transfer,Operator error,7.96,1
IN9108,2024-12-01,Packaging-P1,Major,Vehicle incident during transport,Equipment failure,6.98,1
IN9109,2024-06-28,Storage-Tank-01,Major,Spillage during transfer,Unknown,3.49,1
IN9110,2024-11-08,Packaging-P1,Major,Minor ignition - contained,Unknown,0.54,1
IN9111,2024-01-06,Truck-T1,Critical,Overpressure in storage tank,Equipment failure,4.16,0
IN9112,2024-12-17,Packaging-P1,Major,Fire near packaging area,Equipment failure,7.83,1
IN9113,2024-01-24,Mixer-M1,Critical,Overpressure in storage tank,Static discharge,13.54,1
IN9114,2024-09-25,Storage-Tank-01,Major,Fire near packaging area,Operator error,2.34,1
IN9115,2024-08-20,Packaging-P1,Critical,Fire near packaging area,Operator error,8.02,1
IN9116,2024-05-12,Truck-T1,Minor,Vehicle incident during transport,Loose fitting,2.13,1
IN9117,2024-01-30,Storage-Tank-01,Critical,Overpressure in storage tank,Static discharge,5.41,1
IN9118,2024-06-28,Mixer-M1,Minor,Overpressure in storage tank,Equipment failure,5.21,1
IN9119,2024-02-12,Storage-Tank-01,Minor,Fire near packaging area,Static discharge,2.47,1
IN9120,2024-04-29,Truck-T1,Major,Minor ignition - contained,Operator error,10.49,1
IN9121,2024-03-15,Packaging-P1,Major,Minor ignition - contained,Unknown,8.21,1
IN9122,2024-08-03,Truck-T1,Critical,Fire near packaging area,Unknown,1.38,1
IN9123,2024-03-12,Storage-Tank-01,Minor,Spillage during transfer,Static discharge,2.41,1
IN9124,2024-01-14,Truck-T1,Critical,Overpressure in storage tank,Loose fitting,6.81,1
IN9125,2024-11-13,Storage-Tank-01,Major,Vehicle incident during transport,Equipment failure,4.78,1
IN9126,2024-12-03,Storage-Tank-01,Critical,Fire near packaging area,Equipment failure,7.82,1
IN9127,2024-01-26,Packaging-P1,Major,Minor ignition - contained,Equipment failure,7.17,1
IN9128,2024-01-02,Storage-Tank-01,Major,Fire near packaging area,Operator error,10.56,1
IN9129,2024-10-12,Packaging-P1,Major,Minor ignition - contained,Equipment failure,8.13,1
IN9130,2024-09-19,Mixer-M1,Major,Overpressure in storage tank,Loose fitting,8.29,1
IN9131,2024-05-25,Mixer-M1,Major,Fire near packaging area,Operator error,2.05,1
IN9132,2024-10-22,Storage-Tank-01,Major,Overpressure in storage tank,Unknown,7.7,1
IN9133,2024-07-28,Storage-Tank-01,Critical,Vehicle incident during transport,Operator error,6.72,1
IN9134,2024-05-07,Storage-Tank-01,Major,Spillage during transfer,Loose fitting,5.12,1
IN9135,2024-09-08,Truck-T1,Minor,Minor ignition - contained,Static discharge,2.59,1
IN9136,2024-12-10,Storage-Tank-01,Major,Minor ignition - contained,Loose fitting,5.73,1
IN9137,2024-04-12,Storage-Tank-01,Minor,Vehicle incident during transport,Equipment failure,4.35,1
IN9138,2024-06-15,Truck-T1,Major,Spillage during transfer,Equipment failure,9.57,1
IN9139,2024-05-14,Packaging-P1,Minor,Vehicle incident during transport,Equipment failure,7.06,1
IN9140,2024-11-29,Storage-Tank-01,Minor,Spillage during transfer,Unknown,5.86,1
IN9141,2024-09-22,Packaging-P1,Critical,Vehicle incident during transport,Unknown,7.66,1
IN9142,2024-01-25,Mixer-M1,Major,Minor ignition - contained,Equipment failure,5.0,1
IN9143,2024-04-19,Truck-T1,Major,Fire near packaging area,Operator error,7.55,1
IN9144,2024-11-09,Truck-T1,Minor,Vehicle incident during transport,Static discharge,1.97,1
IN9145,2024-06-08,Truck-T1,Minor,Vehicle incident during transport,Equipment failure,2.75,1
IN9146,2024-08-18,Mixer-M1,Major,Overpressure in storage tank,Unknown,8.16,0
IN9147,2024-04-20,Packaging-P1,Critical,Spillage during transfer,Unknown,11.16,1
IN9148,2024-10-23,Packaging-P1,Minor,Overpressure in storage tank,Operator error,8.12,1
IN9149,2024-09-03,Storage-Tank-01,Major,Fire near packaging area,Static discharge,10.24,1
IN9150,2024-07-03,Mixer-M1,Major,Vehicle incident during transport,Equipment failure,3.17,1
IN9151,2024-07-12,Packaging-P1,Minor,Fire near packaging area,Loose fitting,9.92,1
IN9152,2024-08-28,Mixer-M1,Minor,Overpressure in storage tank,Operator error,8.86,1
IN9153,2024-08-10,Truck-T1,Critical,Spillage during transfer,Loose fitting,3.71,1
IN9154,2024-04-23,Truck-T1,Major,Vehicle incident during transport,Unknown,13.17,1
IN9155,2024-10-24,Mixer-M1,Minor,Vehicle incident during transport,Equipment failure,6.9,0
IN9156,2024-10-06,Packaging-P1,Major,Minor ignition - contained,Operator error,0.86,1
IN9157,2024-10-10,Mixer-M1,Minor,Overpressure in storage tank,Loose fitting,3.32,1
IN9158,2024-04-24,Truck-T1,Critical,Spillage during transfer,Loose fitting,1.6,1
IN9159,2024-07-25,Truck-T1,Major,Overpressure in storage tank,Static discharge,7.59,1
IN9160,2024-08-10,Mixer-M1,Major,Vehicle incident during transport,Loose fitting,5.53,1
IN9161,2024-03-21,Truck-T1,Minor,Overpressure in storage tank,Loose fitting,9.52,1
IN9162,2024-01-13,Storage-Tank-01,Major,Minor ignition - contained,Operator error,15.44,1
IN9163,2024-03-21,Truck-T1,Minor,Fire near packaging area,Static discharge,8.89,1
IN9164,2024-01-18,Truck-T1,Major,Vehicle incident during transport,Operator error,3.75,1
IN9165,2024-12-11,Packaging-P1,Major,Minor ignition - contained,Equipment failure,1.77,1
IN9166,2024-06-18,Packaging-P1,Minor,Vehicle incident during transport,Operator error,3.31,1
IN9167,2024-02-19,Mixer-M1,Major,Minor ignition - contained,Loose fitting,9.49,1
IN9168,2024-04-03,Storage-Tank-01,Major,Fire near packaging area,Static discharge,13.25,1
IN9169,2024-09-25,Packaging-P1,Critical,Vehicle incident during transport,Static discharge,5.57,1
IN9170,2024-03-11,Truck-T1,Major,Vehicle incident during transport,Loose fitting,5.26,1
IN9171,2024-05-30,Storage-Tank-01,Critical,Vehicle incident during transport,Operator error,7.29,1
IN9172,2024-07-14,Mixer-M1,Critical,Vehicle incident during transport,Static discharge,7.1,1
IN9173,2024-02-12,Storage-Tank-01,Critical,Spillage during transfer,Loose fitting,7.53,1
IN9174,2024-11-10,Truck-T1,Critical,Fire near packaging area,Loose fitting,7.14,1
IN9175,2024-04-26,Mixer-M1,Major,Overpressure in storage tank,Static discharge,13.85,1
IN9176,2024-07-05,Mixer-M1,Major,Overpressure in storage tank,Static discharge,3.48,1
IN9177,2024-10-12,Mixer-M1,Minor,Spillage during transfer,Equipment failure,4.74,1
IN9178,2024-03-23,Mixer-M1,Minor,Vehicle incident during transport,Operator error,10.42,1
IN9179,2024-11-16,Packaging-P1,Minor,Spillage during transfer,Static discharge,3.79,1
IN9180,2024-01-28,Mixer-M1,Minor,Overpressure in storage tank,Loose fitting,7.63,1
