delivery_id,date,product,quantity_tons,destination,vehicle_id,delivered
D11001,2024-11-15,Emulsion Explosive E1,26.8,Site_C,TANK-1,1
D11002,2024-04-24,Detonator Assembly D-Nonel,12.86,Mine_B,TANK-1,1
D11003,2024-11-18,Emulsion Explosive E1,22.83,Mine_B,TANK-2,1
D11004,2024-11-28,Detonator Assembly D-Nonel,18.56,Mine_A,TRUCK-5,1
D11005,2024-11-14,Emulsion Explosive E1,22.94,Mine_B,TANK-2,1
D11006,2024-03-30,Detonator Assembly D-Nonel,27.25,Mine_B,TANK-1,1
D11007,2024-01-01,Emulsion Explosive E1,16.57,Site_C,TANK-2,1
D11008,2024-11-10,ANFO Bulk,5.02,Mine_B,TANK-1,1
D11009,2024-02-08,Detonator Assembly D-Nonel,2.15,Customer_X,TRUCK-5,1
D11010,2024-08-07,Detonator Assembly D-Nonel,6.4,Site_C,TANK-2,1
D11011,2024-05-04,Emulsion Explosive E1,9.43,Customer_X,TANK-1,1
D11012,2024-05-21,Detonator Assembly D-Nonel,6.32,Site_C,TRUCK-5,1
D11013,2024-06-20,ANFO Bulk,19.11,Customer_X,TANK-1,1
D11014,2024-08-19,ANFO Bulk,24.69,Mine_A,TRUCK-5,1
D11015,2024-01-17,Detonator Assembly D-Nonel,28.14,Mine_B,TANK-2,1
D11016,2024-06-16,Emulsion Explosive E1,28.85,Mine_A,TRUCK-5,1
D11017,2024-01-15,Detonator Assembly D-Nonel,24.91,Mine_B,TANK-1,1
D11018,2024-06-13,Emulsion Explosive E1,21.99,Mine_B,TRUCK-5,1
D11019,2024-07-05,Emulsion Explosive E1,6.42,Mine_B,TANK-2,1
D11020,2024-08-28,ANFO Bulk,12.18,Site_C,TRUCK-5,1
D11021,2024-02-03,Detonator Assembly D-Nonel,21.41,Mine_A,TANK-2,1
D11022,2024-12-17,ANFO Bulk,7.8,Customer_X,TANK-2,1
D11023,2024-09-21,Detonator Assembly D-Nonel,21.66,Customer_X,TANK-1,1
D11024,2024-10-22,Detonator Assembly D-Nonel,8.74,Mine_B,TANK-2,1
D11025,2024-02-07,ANFO Bulk,12.57,Mine_B,TRUCK-5,1
D11026,2024-03-01,ANFO Bulk,26.43,Site_C,TANK-2,1
D11027,2024-11-19,Emulsion Explosive E1,13.98,Mine_B,TANK-2,1
D11028,2024-10-29,Emulsion Explosive E1,11.82,Mine_A,TANK-1,1
D11029,2024-02-08,Detonator Assembly D-Nonel,2.87,Customer_X,TANK-1,1
D11030,2024-05-29,ANFO Bulk,9.83,Mine_B,TANK-1,1
D11031,2024-06-29,ANFO Bulk,14.61,Customer_X,TANK-2,1
D11032,2024-02-16,ANFO Bulk,0.54,Customer_X,TRUCK-5,1
D11033,2024-03-11,Detonator Assembly D-Nonel,22.7,Customer_X,TRUCK-5,0
D11034,2024-08-05,Emulsion Explosive E1,4.79,Customer_X,TRUCK-5,1
D11035,2024-08-15,ANFO Bulk,20.62,Mine_B,TANK-2,1
D11036,2024-04-07,Detonator Assembly D-Nonel,20.84,Customer_X,TRUCK-5,1
D11037,2024-01-31,Detonator Assembly D-Nonel,25.37,Customer_X,TANK-2,1
D11038,2024-07-01,ANFO Bulk,18.58,Mine_A,TANK-2,1
D11039,2024-09-28,Detonator Assembly D-Nonel,7.8,Mine_A,TANK-2,1
D11040,2024-02-02,ANFO Bulk,19.42,Mine_A,TANK-2,1
D11041,2024-04-17,Detonator Assembly D-Nonel,27.72,Mine_A,TANK-2,1
D11042,2024-03-27,Emulsion Explosive E1,24.9,Customer_X,TANK-1,1
D11043,2024-03-19,Detonator Assembly D-Nonel,5.49,Site_C,TANK-2,1
D11044,2024-02-25,Detonator Assembly D-Nonel,26.29,Mine_B,TANK-2,1
D11045,2024-06-22,Detonator Assembly D-Nonel,13.32,Mine_A,TRUCK-5,1
D11046,2024-11-19,Emulsion Explosive E1,16.08,Site_C,TRUCK-5,1
D11047,2024-10-14,Emulsion Explosive E1,14.48,Mine_B,TRUCK-5,1
D11048,2024-05-24,ANFO Bulk,3.86,Mine_B,TRUCK-5,1
D11049,2024-10-08,Detonator Assembly D-Nonel,18.58,Mine_B,TANK-1,1
D11050,2024-02-02,Emulsion Explosive E1,29.73,Customer_X,TRUCK-5,1
D11051,2024-05-16,ANFO Bulk,18.57,Site_C,TANK-2,1
D11052,2024-06-17,Emulsion Explosive E1,22.71,Site_C,TRUCK-5,1
D11053,2024-09-21,Emulsion Explosive E1,10.73,Customer_X,TANK-1,1
D11054,2024-05-27,ANFO Bulk,15.72,Customer_X,TRUCK-5,1
D11055,2024-05-15,Emulsion Explosive E1,25.47,Mine_B,TANK-1,1
D11056,2024-02-07,Emulsion Explosive E1,12.18,Mine_A,TRUCK-5,1
D11057,2024-03-05,ANFO Bulk,15.84,Mine_B,TANK-2,1
D11058,2024-05-11,Detonator Assembly D-Nonel,8.81,Mine_A,TANK-1,1
D11059,2024-01-26,Detonator Assembly D-Nonel,7.27,Mine_A,TANK-2,1
D11060,2024-02-02,ANFO Bulk,20.22,Mine_A,TANK-1,1
D11061,2024-06-07,Emulsion Explosive E1,15.26,Mine_B,TRUCK-5,1
D11062,2024-06-18,Emulsion Explosive E1,7.69,Mine_A,TANK-1,1
D11063,2024-04-03,Detonator Assembly D-Nonel,12.2,Mine_A,TRUCK-5,1
D11064,2024-09-06,Emulsion Explosive E1,7.56,Mine_B,TANK-2,1
D11065,2024-02-08,Detonator Assembly D-Nonel,3.89,Site_C,TRUCK-5,1
D11066,2024-04-29,Detonator Assembly D-Nonel,0.8,Mine_B,TRUCK-5,1
D11067,2024-04-29,Detonator Assembly D-Nonel,26.27,Customer_X,TRUCK-5,1
D11068,2024-06-29,ANFO Bulk,9.98,Mine_A,TANK-1,1
D11069,2024-05-07,Detonator Assembly D-Nonel,17.2,Customer_X,TANK-2,1
D11070,2024-01-29,Detonator Assembly D-Nonel,4.68,Customer_X,TANK-1,1
D11071,2024-03-30,Emulsion Explosive E1,19.59,Mine_B,TANK-2,1
D11072,2024-09-15,ANFO Bulk,23.96,Mine_B,TANK-1,1
D11073,2024-07-31,Emulsion Explosive E1,14.67,Site_C,TRUCK-5,1
D11074,2024-06-13,Detonator Assembly D-Nonel,13.76,Customer_X,TRUCK-5,1
D11075,2024-11-20,Emulsion Explosive E1,20.88,Site_C,TANK-1,1
D11076,2024-03-20,Emulsion Explosive E1,11.58,Mine_B,TANK-1,1
D11077,2024-12-21,Emulsion Explosive E1,24.54,Customer_X,TRUCK-5,1
D11078,2024-10-20,Detonator Assembly D-Nonel,13.38,Customer_X,TANK-1,1
D11079,2024-11-03,Detonator Assembly D-Nonel,8.02,Site_C,TANK-1,1
D11080,2024-11-30,Emulsion Explosive E1,8.12,Site_C,TANK-1,1
D11081,2024-09-08,Detonator Assembly D-Nonel,27.43,Mine_A,TANK-1,1
D11082,2024-04-04,ANFO Bulk,16.06,Mine_B,TANK-2,1
D11083,2024-12-22,ANFO Bulk,6.97,Site_C,TANK-1,1
D11084,2024-10-14,Emulsion Explosive E1,16.91,Mine_B,TRUCK-5,1
D11085,2024-08-19,ANFO Bulk,10.39,Site_C,TANK-2,1
D11086,2024-11-17,ANFO Bulk,6.92,Mine_B,TRUCK-5,1
D11087,2024-06-29,Detonator Assembly D-Nonel,29.77,Customer_X,TANK-2,1
D11088,2024-08-08,ANFO Bulk,20.28,Mine_B,TANK-2,1
D11089,2024-12-09,Emulsion Explosive E1,29.31,Mine_A,TRUCK-5,1
D11090,2024-03-29,Emulsion Explosive E1,1.2,Mine_B,TRUCK-5,1
D11091,2024-06-11,Detonator Assembly D-Nonel,22.11,Site_C,TANK-1,1
D11092,2024-01-16,Emulsion Explosive E1,6.07,Site_C,TANK-1,1
D11093,2024-07-15,ANFO Bulk,18.12,Site_C,TANK-1,1
D11094,2024-06-09,Emulsion Explosive E1,1.38,Site_C,TANK-2,1
D11095,2024-09-25,ANFO Bulk,13.15,Customer_X,TANK-1,1
D11096,2024-11-03,Emulsion Explosive E1,27.2,Mine_A,TANK-2,1
D11097,2024-12-11,Emulsion Explosive E1,25.7,Mine_A,TRUCK-5,1
D11098,2024-06-16,ANFO Bulk,15.03,Customer_X,TANK-2,1
D11099,2024-05-11,Detonator Assembly D-Nonel,17.79,Mine_A,TRUCK-5,1
D11100,2024-02-05,Detonator Assembly D-Nonel,11.16,Customer_X,TRUCK-5,1
D11101,2024-04-17,Emulsion Explosive E1,7.23,Site_C,TANK-2,1
D11102,2024-10-23,ANFO Bulk,17.84,Mine_B,TANK-2,1
D11103,2024-09-11,Detonator Assembly D-Nonel,14.46,Mine_B,TANK-2,1
D11104,2024-06-25,ANFO Bulk,27.34,Mine_A,TRUCK-5,1
D11105,2024-05-11,Emulsion Explosive E1,18.05,Customer_X,TANK-2,1
D11106,2024-02-16,Emulsion Explosive E1,18.94,Mine_A,TANK-2,1
D11107,2024-01-03,Detonator Assembly D-Nonel,23.47,Mine_B,TANK-1,0
D11108,2024-05-06,Emulsion Explosive E1,28.18,Customer_X,TANK-1,1
D11109,2024-12-25,Detonator Assembly D-Nonel,5.99,Mine_A,TANK-1,1
D11110,2024-12-12,ANFO Bulk,27.6,Site_C,TANK-1,1
D11111,2024-11-05,Detonator Assembly D-Nonel,12.32,Customer_X,TANK-2,1
D11112,2024-12-23,Emulsion Explosive E1,12.9,Site_C,TANK-1,1
D11113,2024-12-23,ANFO Bulk,4.15,Site_C,TANK-1,1
D11114,2024-11-05,Detonator Assembly D-Nonel,7.38,Site_C,TANK-1,1
D11115,2024-05-20,Emulsion Explosive E1,1.0,Mine_A,TANK-1,1
D11116,2024-03-21,Detonator Assembly D-Nonel,8.73,Customer_X,TRUCK-5,1
D11117,2024-08-08,ANFO Bulk,20.23,Mine_A,TRUCK-5,1
D11118,2024-01-24,ANFO Bulk,22.93,Mine_B,TANK-2,1
D11119,2024-12-05,Detonator Assembly D-Nonel,18.55,Customer_X,TANK-1,1
D11120,2024-07-25,Detonator Assembly D-Nonel,25.01,Customer_X,TRUCK-5,1
D11121,2024-03-21,Emulsion Explosive E1,12.34,Customer_X,TANK-2,1
D11122,2024-12-27,ANFO Bulk,27.68,Site_C,TANK-1,1
D11123,2024-04-26,Emulsion Explosive E1,2.89,Mine_B,TANK-2,1
D11124,2024-06-23,Emulsion Explosive E1,22.53,Mine_A,TANK-2,1
D11125,2024-05-21,Detonator Assembly D-Nonel,8.02,Mine_B,TANK-1,1
D11126,2024-06-12,Emulsion Explosive E1,6.64,Customer_X,TRUCK-5,1
D11127,2024-01-30,Detonator Assembly D-Nonel,23.86,Mine_B,TANK-2,1
D11128,2024-05-14,ANFO Bulk,21.25,Site_C,TANK-2,1
D11129,2024-12-06,Emulsion Explosive E1,21.52,Customer_X,TRUCK-5,1
D11130,2024-03-08,Emulsion Explosive E1,11.34,Mine_A,TRUCK-5,1
D11131,2024-07-25,ANFO Bulk,12.92,Mine_A,TANK-2,1
D11132,2024-04-05,Detonator Assembly D-Nonel,27.26,Mine_A,TRUCK-5,1
D11133,2024-07-03,Detonator Assembly D-Nonel,3.24,Customer_X,TRUCK-5,1
D11134,2024-10-25,Emulsion Explosive E1,21.07,Customer_X,TRUCK-5,1
D11135,2024-11-12,Emulsion Explosive E1,20.27,Customer_X,TANK-2,1
D11136,2024-09-07,Emulsion Explosive E1,1.12,Site_C,TRUCK-5,1
D11137,2024-09-13,Emulsion Explosive E1,15.05,Mine_A,TRUCK-5,1
D11138,2024-05-26,ANFO Bulk,19.49,Mine_A,TRUCK-5,1
D11139,2024-11-19,ANFO Bulk,11.09,Site_C,TANK-2,1
D11140,2024-12-06,ANFO Bulk,18.75,Mine_B,TANK-2,1
D11141,2024-09-17,Emulsion Explosive E1,24.97,Site_C,TANK-1,1
D11142,2024-10-20,Emulsion Explosive E1,1.38,Customer_X,TANK-2,1
D11143,2024-09-25,Emulsion Explosive E1,15.07,Mine_B,TANK-1,1
D11144,2024-08-19,Emulsion Explosive E1,6.27,Site_C,TANK-2,1
D11145,2024-08-27,Emulsion Explosive E1,10.01,Site_C,TRUCK-5,1
D11146,2024-12-06,Emulsion Explosive E1,11.29,Site_C,TANK-2,1
D11147,2024-08-23,ANFO Bulk,17.24,Site_C,TANK-1,1
D11148,2024-09-10,Detonator Assembly D-Nonel,14.05,Mine_B,TANK-1,1
D11149,2024-04-08,Detonator Assembly D-Nonel,6.59,Mine_A,TANK-2,1
D11150,2024-05-19,Detonator Assembly D-Nonel,20.12,Mine_B,TANK-1,1
D11151,2024-03-04,Detonator Assembly D-Nonel,20.47,Customer_X,TANK-2,1
D11152,2024-06-03,Emulsion Explosive E1,3.86,Customer_X,TANK-2,1
D11153,2024-11-12,Emulsion Explosive E1,28.5,Site_C,TANK-2,1
D11154,2024-08-16,Emulsion Explosive E1,15.8,Site_C,TRUCK-5,1
D11155,2024-11-09,Detonator Assembly D-Nonel,13.9,Mine_A,TANK-2,1
D11156,2024-12-01,Detonator Assembly D-Nonel,29.47,Mine_B,TANK-1,1
D11157,2024-09-11,Detonator Assembly D-Nonel,21.45,Mine_A,TANK-2,1
D11158,2024-10-13,Detonator Assembly D-Nonel,17.38,Site_C,TANK-2,1
D11159,2024-04-21,Emulsion Explosive E1,0.8,Site_C,TRUCK-5,1
D11160,2024-07-18,Emulsion Explosive E1,9.76,Mine_B,TANK-1,1
D11161,2024-03-21,Emulsion Explosive E1,17.02,Mine_B,TRUCK-5,1
D11162,2024-05-05,Emulsion Explosive E1,17.33,Mine_B,TANK-1,0
D11163,2024-01-14,ANFO Bulk,23.47,Mine_A,TRUCK-5,1
D11164,2024-10-16,Emulsion Explosive E1,24.4,Mine_B,TANK-1,1
D11165,2024-11-05,Detonator Assembly D-Nonel,7.67,Site_C,TANK-1,1
D11166,2024-07-17,ANFO Bulk,14.7,Customer_X,TANK-1,1
D11167,2024-01-25,ANFO Bulk,19.82,Mine_A,TRUCK-5,1
D11168,2024-08-30,Emulsion Explosive E1,15.52,Customer_X,TRUCK-5,1
D11169,2024-01-21,Detonator Assembly D-Nonel,28.92,Customer_X,TANK-1,1
D11170,2024-05-08,Detonator Assembly D-Nonel,20.79,Customer_X,TRUCK-5,1
D11171,2024-08-30,Detonator Assembly D-Nonel,2.61,Customer_X,TANK-2,1
D11172,2024-01-03,Emulsion Explosive E1,8.3,Mine_B,TRUCK-5,1
D11173,2024-10-26,Detonator Assembly D-Nonel,0.91,Site_C,TANK-1,1
D11174,2024-04-13,Detonator Assembly D-Nonel,4.0,Mine_B,TANK-2,1
D11175,2024-04-28,Detonator Assembly D-Nonel,11.25,Mine_A,TANK-1,1
D11176,2024-01-25,ANFO Bulk,1.36,Mine_B,TRUCK-5,1
D11177,2024-07-29,Detonator Assembly D-Nonel,4.74,Mine_B,TANK-1,1
D11178,2024-02-29,Emulsion Explosive E1,7.53,Mine_A,TANK-1,1
D11179,2024-05-30,ANFO Bulk,16.89,Site_C,TANK-1,1
D11180,2024-07-02,ANFO Bulk,15.85,Site_C,TANK-2,1
D11181,2024-01-31,ANFO Bulk,28.9,Customer_X,TANK-2,1
D11182,2024-08-18,Detonator Assembly D-Nonel,27.04,Mine_A,TANK-1,1
D11183,2024-08-03,ANFO Bulk,4.64,Customer_X,TANK-2,1
D11184,2024-04-19,ANFO Bulk,4.01,Site_C,TANK-1,1
D11185,2024-10-21,ANFO Bulk,5.66,Site_C,TANK-2,1
D11186,2024-05-27,Detonator Assembly D-Nonel,2.56,Site_C,TRUCK-5,1
D11187,2024-10-21,Detonator Assembly D-Nonel,22.92,Mine_A,TANK-2,1
D11188,2024-11-17,Emulsion Explosive E1,16.84,Customer_X,TANK-1,1
D11189,2024-07-08,ANFO Bulk,11.43,Mine_B,TANK-1,1
D11190,2024-09-10,ANFO Bulk,16.89,Site_C,TRUCK-5,1
D11191,2024-08-21,Emulsion Explosive E1,4.0,Customer_X,TANK-2,1
D11192,2024-08-28,Emulsion Explosive E1,19.38,Site_C,TRUCK-5,1
D11193,2024-12-19,ANFO Bulk,10.01,Customer_X,TANK-1,1
D11194,2024-03-25,ANFO Bulk,19.41,Customer_X,TANK-1,1
D11195,2024-12-14,Detonator Assembly D-Nonel,14.42,Mine_B,TRUCK-5,1
D11196,2024-04-12,Detonator Assembly D-Nonel,7.53,Mine_B,TANK-1,1
D11197,2024-05-27,Detonator Assembly D-Nonel,20.78,Site_C,TANK-1,1
D11198,2024-02-02,Emulsion Explosive E1,5.04,Customer_X,TANK-2,1
D11199,2024-11-02,Emulsion Explosive E1,22.41,Site_C,TANK-1,1
D11200,2024-10-31,Detonator Assembly D-Nonel,19.96,Mine_B,TANK-2,1
D11201,2024-08-15,Detonator Assembly D-Nonel,17.83,Mine_A,TANK-1,1
D11202,2024-01-19,Detonator Assembly D-Nonel,5.2,Site_C,TRUCK-5,1
D11203,2024-04-20,ANFO Bulk,28.03,Customer_X,TANK-1,1
D11204,2024-08-25,ANFO Bulk,25.73,Customer_X,TANK-2,1
D11205,2024-10-29,Emulsion Explosive E1,7.26,Customer_X,TANK-1,1
D11206,2024-05-23,Detonator Assembly D-Nonel,22.07,Customer_X,TANK-2,1
D11207,2024-06-02,Emulsion Explosive E1,13.15,Customer_X,TANK-2,1
D11208,2024-05-31,Detonator Assembly D-Nonel,7.8,Customer_X,TANK-2,1
D11209,2024-04-29,ANFO Bulk,17.31,Mine_B,TANK-2,1
D11210,2024-03-05,Detonator Assembly D-Nonel,8.9,Mine_A,TANK-2,1
D11211,2024-09-26,Emulsion Explosive E1,4.59,Mine_A,TANK-2,1
D11212,2024-07-11,Emulsion Explosive E1,8.2,Customer_X,TRUCK-5,1
D11213,2024-01-15,Emulsion Explosive E1,6.61,Mine_A,TANK-2,1
D11214,2024-10-22,ANFO Bulk,12.86,Mine_B,TRUCK-5,1
D11215,2024-09-02,Detonator Assembly D-Nonel,1.62,Site_C,TANK-2,1
D11216,2024-08-25,Emulsion Explosive E1,17.0,Site_C,TANK-2,1
D11217,2024-05-27,ANFO Bulk,10.97,Mine_B,TRUCK-5,1
D11218,2024-02-11,ANFO Bulk,9.5,Mine_A,TANK-1,1
D11219,2024-01-02,Emulsion Explosive E1,23.19,Customer_X,TANK-2,1
D11220,2024-03-20,Emulsion Explosive E1,14.9,Mine_A,TANK-2,1
