batch_id,product,test_timestamp,assay_percent,dissolution_percent,impurity_percent,release_decision,stability_issue_flag
PB5001,Amoxicillin 250mg Capsule,2024-01-02 06:00:00,97.27,95.77,0.324,Released,0
PB5002,Injectable Saline 0.9%,2024-01-01 08:00:00,97.76,99.63,0.156,Released,0
PB5003,Paracetamol 500mg Tablet,2024-01-04 17:00:00,99.31,83.48,0.318,Released,0
PB5004,Paracetamol 500mg Tablet,2024-01-02 22:00:00,98.43,90.89,0.252,Released,0
PB5005,Paracetamol 500mg Tablet,2024-01-06 02:00:00,98.09,83.66,0.386,Released,0
PB5006,Cough Syrup 100ml,2024-01-09 16:00:00,98.55,94.81,0.01,Released,0
PB5007,Paracetamol 500mg Tablet,2024-01-09 03:00:00,99.36,81.37,0.141,Released,0
PB5008,Cough Syrup 100ml,2024-01-10 16:00:00,97.08,100.05,0.055,Released,0
PB5009,Amoxicillin 250mg Capsule,2024-01-10 01:00:00,97.99,103.13,0.338,Released,0
PB5010,Paracetamol 500mg Tablet,2024-01-13 17:00:00,98.68,71.33,0.272,Hold,1
PB5011,Paracetamol 500mg Tablet,2024-01-13 20:00:00,99.96,87.08,0.492,Released,0
PB5012,Amoxicillin 250mg Capsule,2024-01-15 16:00:00,98.39,104.66,0.178,Released,0
PB5013,Cough Syrup 100ml,2024-01-15 12:00:00,98.22,100.28,0.166,Released,0
PB5014,Cough Syrup 100ml,2024-01-16 16:00:00,98.83,98.83,0.052,Released,0
PB5015,Cough Syrup 100ml,2024-01-18 03:00:00,98.86,99.86,0.071,Released,0
PB5016,Paracetamol 500mg Tablet,2024-01-18 13:00:00,99.24,79.25,0.174,Hold,0
PB5017,Injectable Saline 0.9%,2024-01-19 22:00:00,98.1,102.79,0.145,Released,0
PB5018,Injectable Saline 0.9%,2024-01-18 11:00:00,98.35,95.09,0.369,Released,0
PB5019,Cough Syrup 100ml,2024-01-20 01:00:00,98.48,99.48,0.396,Released,0
PB5020,Injectable Saline 0.9%,2024-01-20 22:00:00,97.29,86.8,0.293,Released,0
PB5021,Paracetamol 500mg Tablet,2024-01-21 19:00:00,99.1,94.53,0.207,Released,0
PB5022,Cough Syrup 100ml,2024-01-24 09:00:00,97.63,104.62,0.091,Released,0
PB5022,Cough Syrup 100ml,2024-01-23 08:00:00,98.23,100.75,0.314,Released,0
PB5023,Cough Syrup 100ml,2024-01-24 13:00:00,98.35,95.84,0.136,Released,0
PB5024,Injectable Saline 0.9%,2024-01-25 15:00:00,99.06,90.36,0.505,Released,0
PB5025,Amoxicillin 250mg Capsule,2024-01-25 07:00:00,98.39,90.58,0.049,Released,0
PB5026,Cough Syrup 100ml,2024-01-28 15:00:00,96.72,92.04,0.272,Hold,0
PB5026,Cough Syrup 100ml,2024-01-29 18:00:00,97.15,101.05,0.135,Released,0
PB5027,Injectable Saline 0.9%,2024-01-29 00:00:00,99.0,102.01,0.161,Released,0
PB5028,Amoxicillin 250mg Capsule,2024-01-28 02:00:00,97.36,96.09,0.124,Released,0
PB5028,Amoxicillin 250mg Capsule,2024-01-28 22:00:00,97.55,89.96,0.198,Released,0
PB5029,Cough Syrup 100ml,2024-01-31 01:00:00,99.08,103.48,0.252,Released,0
PB5030,Injectable Saline 0.9%,2024-02-01 08:00:00,97.76,90.64,0.17,Released,0
PB5030,Injectable Saline 0.9%,2024-01-30 19:00:00,98.72,91.07,0.043,Released,0
PB5031,Injectable Saline 0.9%,2024-02-01 19:00:00,96.78,104.17,0.193,Hold,0
PB5032,Cough Syrup 100ml,2024-02-03 22:00:00,97.12,85.46,0.247,Released,0
PB5032,Cough Syrup 100ml,2024-02-04 15:00:00,98.52,102.7,0.286,Released,0
PB5033,Cough Syrup 100ml,2024-02-05 17:00:00,98.53,97.78,0.079,Released,1
PB5034,Amoxicillin 250mg Capsule,2024-02-05 01:00:00,97.73,99.21,0.346,Released,0
PB5035,Cough Syrup 100ml,2024-02-08 16:00:00,98.38,94.05,0.385,Released,0
PB5036,Injectable Saline 0.9%,2024-02-09 09:00:00,98.07,100.92,0.066,Released,0
PB5037,Amoxicillin 250mg Capsule,2024-02-08 05:00:00,98.31,90.01,0.633,Released,0
PB5038,Injectable Saline 0.9%,2024-02-10 03:00:00,97.95,96.17,0.017,Released,0
PB5039,Paracetamol 500mg Tablet,2024-02-09 19:00:00,98.67,79.18,0.148,Hold,0
PB5040,Paracetamol 500mg Tablet,2024-02-09 17:00:00,98.2,87.97,0.385,Released,0
PB5041,Paracetamol 500mg Tablet,2024-02-12 18:00:00,98.68,85.68,0.22,Released,0
PB5042,Injectable Saline 0.9%,2024-02-13 10:00:00,97.74,95.51,0.35,Released,0
PB5043,Injectable Saline 0.9%,2024-02-13 19:00:00,98.36,91.97,0.145,Released,0
PB5044,Cough Syrup 100ml,2024-02-14 23:00:00,98.24,101.4,0.279,Released,0
PB5045,Paracetamol 500mg Tablet,2024-02-16 22:00:00,98.45,81.6,0.154,Released,0
PB5045,Paracetamol 500mg Tablet,2024-02-18 08:00:00,98.89,77.21,0.109,Hold,0
PB5046,Paracetamol 500mg Tablet,2024-02-19 11:00:00,99.7,86.59,0.189,Released,0
PB5047,Paracetamol 500mg Tablet,2024-02-18 02:00:00,97.87,88.67,0.026,Released,0
PB5048,Paracetamol 500mg Tablet,2024-02-20 15:00:00,98.81,82.09,0.206,Released,0
PB5049,Injectable Saline 0.9%,2024-02-22 12:00:00,98.37,99.2,0.294,Released,0
PB5049,Injectable Saline 0.9%,2024-02-21 14:00:00,98.04,102.18,0.263,Released,0
PB5050,Cough Syrup 100ml,2024-02-24 00:00:00,98.56,99.48,0.415,Released,0
PB5051,Injectable Saline 0.9%,2024-02-22 00:00:00,98.21,89.78,0.25,Released,0
PB5052,Amoxicillin 250mg Capsule,2024-02-24 13:00:00,97.06,98.72,0.256,Released,0
PB5053,Amoxicillin 250mg Capsule,2024-02-25 22:00:00,97.98,103.73,0.205,Released,0
PB5054,Amoxicillin 250mg Capsule,2024-02-25 02:00:00,97.57,101.46,0.295,Released,0
PB5055,Amoxicillin 250mg Capsule,2024-02-26 20:00:00,98.7,88.61,0.18,Released,0
PB5055,Amoxicillin 250mg Capsule,2024-02-25 20:00:00,98.66,106.34,0.237,Released,0
PB5056,Amoxicillin 250mg Capsule,2024-02-26 16:00:00,97.74,104.16,0.173,Released,0
PB5057,Paracetamol 500mg Tablet,2024-02-27 12:00:00,99.4,94.45,0.142,Released,0
PB5058,Injectable Saline 0.9%,2024-02-27 14:00:00,98.11,102.57,0.081,Released,0
PB5059,Paracetamol 500mg Tablet,2024-02-29 18:00:00,99.37,90.35,0.232,Released,0
PB5059,Paracetamol 500mg Tablet,2024-02-28 14:00:00,99.43,81.51,0.212,Released,0
PB5060,Paracetamol 500mg Tablet,2024-02-29 12:00:00,98.67,83.91,0.013,Released,0
PB5061,Amoxicillin 250mg Capsule,2024-03-03 16:00:00,98.66,97.47,0.229,Released,0
PB5062,Paracetamol 500mg Tablet,2024-03-04 17:00:00,99.56,77.61,0.152,Hold,0
PB5063,Paracetamol 500mg Tablet,2024-03-06 03:00:00,98.31,78.58,0.122,Hold,0
PB5064,Injectable Saline 0.9%,2024-03-06 18:00:00,98.21,98.57,0.175,Released,0
PB5065,Amoxicillin 250mg Capsule,2024-03-07 21:00:00,98.69,98.37,0.452,Released,0
PB5065,Amoxicillin 250mg Capsule,2024-03-08 19:00:00,97.99,102.88,0.396,Released,0
PB5066,Amoxicillin 250mg Capsule,2024-03-10 03:00:00,98.28,91.96,0.048,Released,0
PB5067,Amoxicillin 250mg Capsule,2024-03-09 01:00:00,97.71,92.48,0.074,Released,0
PB5068,Paracetamol 500mg Tablet,2024-03-11 13:00:00,97.31,96.71,0.368,Released,0
PB5069,Injectable Saline 0.9%,2024-03-11 22:00:00,98.7,103.47,0.02,Released,0
PB5069,Injectable Saline 0.9%,2024-03-12 14:00:00,97.71,99.04,0.399,Released,0
PB5070,Cough Syrup 100ml,2024-03-12 15:00:00,98.23,106.61,0.342,Released,0
PB5071,Paracetamol 500mg Tablet,2024-03-12 23:00:00,98.72,75.98,0.005,Hold,0
PB5072,Injectable Saline 0.9%,2024-03-13 22:00:00,98.42,93.19,0.054,Released,0
PB5072,Injectable Saline 0.9%,2024-03-14 03:00:00,98.84,96.68,0.134,Released,0
PB5073,Paracetamol 500mg Tablet,2024-03-15 22:00:00,98.32,81.6,0.335,Released,0
PB5073,Paracetamol 500mg Tablet,2024-03-14 21:00:00,98.99,84.32,0.212,Released,0
PB5074,Paracetamol 500mg Tablet,2024-03-16 21:00:00,98.63,86.24,0.196,Released,0
PB5075,Injectable Saline 0.9%,2024-03-14 16:00:00,97.15,88.6,0.037,Released,0
PB5076,Cough Syrup 100ml,2024-03-15 20:00:00,97.66,86.99,0.065,Released,0
PB5077,Cough Syrup 100ml,2024-03-16 10:00:00,98.3,97.8,0.413,Released,0
PB5078,Paracetamol 500mg Tablet,2024-03-16 11:00:00,99.09,81.89,0.049,Released,0
PB5078,Paracetamol 500mg Tablet,2024-03-16 06:00:00,98.59,84.64,0.03,Released,0
PB5079,Paracetamol 500mg Tablet,2024-03-17 07:00:00,98.14,82.4,0.194,Released,0
PB5080,Paracetamol 500mg Tablet,2024-03-19 06:00:00,99.13,87.12,0.058,Released,0
PB5081,Injectable Saline 0.9%,2024-03-20 21:00:00,97.31,98.98,0.247,Released,0
PB5082,Cough Syrup 100ml,2024-03-19 23:00:00,98.04,97.08,0.271,Released,0
PB5083,Cough Syrup 100ml,2024-03-21 20:00:00,98.2,110.01,0.284,Released,0
PB5084,Paracetamol 500mg Tablet,2024-03-21 08:00:00,98.22,78.01,0.257,Hold,0
PB5085,Injectable Saline 0.9%,2024-03-23 03:00:00,98.19,101.25,0.186,Released,0
PB5086,Paracetamol 500mg Tablet,2024-03-25 20:00:00,98.71,77.41,0.25,Hold,0
PB5087,Cough Syrup 100ml,2024-03-23 00:00:00,98.09,103.33,0.626,Released,0
PB5088,Injectable Saline 0.9%,2024-03-25 12:00:00,97.35,102.31,0.305,Released,0
PB5089,Injectable Saline 0.9%,2024-03-26 23:00:00,98.67,103.75,0.267,Released,0
PB5090,Injectable Saline 0.9%,2024-03-27 01:00:00,96.96,91.95,0.057,Hold,0
PB5091,Injectable Saline 0.9%,2024-03-29 01:00:00,97.44,98.47,0.304,Released,0
PB5092,Paracetamol 500mg Tablet,2024-03-27 07:00:00,99.11,86.09,0.352,Released,0
PB5093,Amoxicillin 250mg Capsule,2024-03-30 12:00:00,97.35,100.27,0.331,Released,0
PB5094,Injectable Saline 0.9%,2024-04-01 02:00:00,98.13,100.85,0.086,Released,0
PB5095,Injectable Saline 0.9%,2024-04-01 04:00:00,98.27,104.74,0.361,Released,0
PB5096,Amoxicillin 250mg Capsule,2024-04-01 04:00:00,98.64,95.2,0.087,Released,0
PB5096,Amoxicillin 250mg Capsule,2024-03-31 21:00:00,98.74,107.14,0.213,Released,0
PB5097,Injectable Saline 0.9%,2024-04-03 10:00:00,98.33,91.02,0.149,Released,0
PB5098,Cough Syrup 100ml,2024-04-03 00:00:00,99.07,101.35,0.14,Released,0
PB5099,Amoxicillin 250mg Capsule,2024-04-04 20:00:00,97.68,95.84,0.379,Released,0
PB5099,Amoxicillin 250mg Capsule,2024-04-04 13:00:00,97.53,96.12,0.085,Released,0
PB5100,Paracetamol 500mg Tablet,2024-04-03 17:00:00,98.76,81.61,0.199,Released,0
PB5101,Injectable Saline 0.9%,2024-04-05 02:00:00,98.0,105.35,0.399,Released,0
PB5102,Injectable Saline 0.9%,2024-04-04 19:00:00,98.75,91.78,0.504,Released,0
PB5103,Paracetamol 500mg Tablet,2024-04-05 16:00:00,99.23,85.14,0.458,Released,0
PB5104,Amoxicillin 250mg Capsule,2024-04-07 14:00:00,96.91,95.25,0.18,Hold,0
PB5104,Amoxicillin 250mg Capsule,2024-04-09 21:00:00,97.55,102.3,0.372,Released,0
PB5105,Cough Syrup 100ml,2024-04-09 00:00:00,98.39,93.27,0.228,Released,0
PB5106,Amoxicillin 250mg Capsule,2024-04-08 19:00:00,97.54,89.94,0.143,Released,0
PB5106,Amoxicillin 250mg Capsule,2024-04-09 21:00:00,98.36,103.58,0.011,Released,0
PB5107,Amoxicillin 250mg Capsule,2024-04-10 15:00:00,98.12,102.14,0.36,Released,0
PB5108,Cough Syrup 100ml,2024-04-12 01:00:00,98.56,88.04,0.031,Released,0
PB5109,Amoxicillin 250mg Capsule,2024-04-12 14:00:00,97.58,93.37,0.336,Released,0
PB5110,Cough Syrup 100ml,2024-04-14 03:00:00,96.88,101.65,0.201,Hold,0
PB5111,Amoxicillin 250mg Capsule,2024-04-14 09:00:00,98.39,103.56,0.486,Released,0
PB5112,Paracetamol 500mg Tablet,2024-04-15 03:00:00,98.65,85.64,0.234,Released,0
PB5113,Cough Syrup 100ml,2024-04-14 03:00:00,97.58,98.04,0.071,Released,0
PB5114,Amoxicillin 250mg Capsule,2024-04-16 11:00:00,96.73,94.85,0.341,Hold,0
PB5115,Amoxicillin 250mg Capsule,2024-04-17 08:00:00,98.88,95.76,0.069,Released,0
PB5116,Paracetamol 500mg Tablet,2024-04-17 20:00:00,98.54,86.98,0.433,Released,0
PB5117,Injectable Saline 0.9%,2024-04-17 07:00:00,98.85,95.81,0.275,Released,0
PB5118,Paracetamol 500mg Tablet,2024-04-18 20:00:00,98.31,88.36,0.106,Released,0
PB5119,Injectable Saline 0.9%,2024-04-21 22:00:00,97.57,97.29,0.407,Released,0
PB5119,Injectable Saline 0.9%,2024-04-20 09:00:00,98.77,94.32,0.149,Released,0
PB5120,Cough Syrup 100ml,2024-04-20 02:00:00,97.8,101.56,0.431,Released,0
PB5121,Cough Syrup 100ml,2024-04-21 20:00:00,98.74,101.03,0.321,Released,0
PB5121,Cough Syrup 100ml,2024-04-22 13:00:00,98.5,101.08,0.394,Released,0
PB5122,Cough Syrup 100ml,2024-04-22 15:00:00,98.59,93.3,0.27,Released,0
PB5122,Cough Syrup 100ml,2024-04-24 11:00:00,97.35,91.61,0.083,Released,0
PB5123,Cough Syrup 100ml,2024-04-24 02:00:00,97.6,101.2,0.558,Released,0
PB5124,Injectable Saline 0.9%,2024-04-23 18:00:00,98.27,99.73,0.065,Released,0
PB5124,Injectable Saline 0.9%,2024-04-23 01:00:00,99.13,102.66,0.18,Released,0
PB5125,Paracetamol 500mg Tablet,2024-04-25 22:00:00,98.94,90.18,0.455,Released,0
PB5126,Paracetamol 500mg Tablet,2024-04-26 08:00:00,99.64,88.6,0.472,Released,0
PB5127,Paracetamol 500mg Tablet,2024-04-29 03:00:00,99.31,89.06,0.128,Released,0
PB5128,Cough Syrup 100ml,2024-04-29 13:00:00,97.73,93.46,0.129,Released,0
PB5129,Amoxicillin 250mg Capsule,2024-04-29 09:00:00,98.7,97.34,0.438,Released,0
PB5130,Paracetamol 500mg Tablet,2024-04-30 08:00:00,98.61,85.88,0.381,Released,0
PB5131,Injectable Saline 0.9%,2024-05-03 00:00:00,98.0,111.88,0.138,Released,0
PB5131,Injectable Saline 0.9%,2024-05-02 07:00:00,97.91,96.06,0.277,Released,0
PB5132,Cough Syrup 100ml,2024-05-03 09:00:00,98.13,100.67,0.083,Released,0
PB5133,Paracetamol 500mg Tablet,2024-05-06 22:00:00,98.98,86.77,0.484,Released,0
PB5134,Paracetamol 500mg Tablet,2024-05-06 16:00:00,99.46,77.5,0.077,Hold,0
PB5135,Amoxicillin 250mg Capsule,2024-05-08 06:00:00,98.32,89.93,0.171,Released,0
PB5136,Cough Syrup 100ml,2024-05-09 13:00:00,98.16,95.28,0.198,Released,0
PB5137,Cough Syrup 100ml,2024-05-09 18:00:00,98.31,105.27,0.355,Released,0
PB5138,Paracetamol 500mg Tablet,2024-05-09 17:00:00,98.93,89.65,0.121,Released,0
PB5139,Injectable Saline 0.9%,2024-05-12 16:00:00,98.4,97.98,0.225,Released,0
PB5140,Amoxicillin 250mg Capsule,2024-05-17 13:00:00,99.38,97.49,0.189,Released,0
PB5141,Cough Syrup 100ml,2024-05-16 01:00:00,97.55,96.13,0.342,Released,0
PB5142,Paracetamol 500mg Tablet,2024-05-16 03:00:00,98.83,77.48,0.228,Hold,0
PB5143,Injectable Saline 0.9%,2024-05-17 11:00:00,98.45,92.23,0.06,Released,0
PB5144,Injectable Saline 0.9%,2024-05-22 13:00:00,97.9,106.86,0.252,Released,0
PB5145,Amoxicillin 250mg Capsule,2024-05-24 02:00:00,97.85,105.12,0.347,Released,0
PB5146,Amoxicillin 250mg Capsule,2024-05-24 07:00:00,97.5,103.76,0.292,Released,0
PB5147,Amoxicillin 250mg Capsule,2024-05-26 09:00:00,97.97,98.86,0.51,Released,0
PB5148,Cough Syrup 100ml,2024-05-27 23:00:00,99.01,101.49,0.244,Released,0
PB5148,Cough Syrup 100ml,2024-05-26 20:00:00,98.01,97.24,0.117,Released,0
PB5149,Injectable Saline 0.9%,2024-05-28 12:00:00,97.96,99.33,0.113,Released,0
PB5149,Injectable Saline 0.9%,2024-05-28 14:00:00,97.2,100.33,0.325,Released,0
PB5150,Injectable Saline 0.9%,2024-05-29 15:00:00,97.73,99.9,0.334,Released,0
PB5151,Paracetamol 500mg Tablet,2024-05-30 06:00:00,99.15,85.36,0.102,Released,0
PB5152,Paracetamol 500mg Tablet,2024-05-28 12:00:00,98.96,86.93,0.277,Released,0
PB5153,Cough Syrup 100ml,2024-05-30 12:00:00,98.44,96.54,0.063,Released,0
PB5154,Paracetamol 500mg Tablet,2024-06-01 02:00:00,99.88,79.68,0.181,Hold,0
PB5155,Cough Syrup 100ml,2024-06-02 09:00:00,97.73,104.54,0.166,Released,0
PB5156,Injectable Saline 0.9%,2024-05-31 05:00:00,98.29,95.96,0.347,Released,0
PB5157,Paracetamol 500mg Tablet,2024-06-01 22:00:00,99.28,88.31,0.19,Released,0
PB5158,Injectable Saline 0.9%,2024-06-03 10:00:00,97.66,94.6,0.413,Released,0
PB5159,Cough Syrup 100ml,2024-06-03 19:00:00,98.38,102.47,0.17,Released,0
PB5160,Amoxicillin 250mg Capsule,2024-06-05 10:00:00,97.76,92.47,0.041,Released,0
PB5161,Amoxicillin 250mg Capsule,2024-06-06 13:00:00,98.39,104.29,0.08,Released,0
PB5162,Amoxicillin 250mg Capsule,2024-06-09 12:00:00,98.21,100.44,0.066,Released,0
PB5163,Paracetamol 500mg Tablet,2024-06-11 16:00:00,98.69,82.27,0.333,Released,0
PB5164,Amoxicillin 250mg Capsule,2024-06-11 02:00:00,98.27,90.85,0.34,Released,0
PB5164,Amoxicillin 250mg Capsule,2024-06-12 18:00:00,97.92,81.26,0.264,Released,0
PB5165,Amoxicillin 250mg Capsule,2024-06-11 22:00:00,99.09,93.84,0.36,Released,1
PB5166,Amoxicillin 250mg Capsule,2024-06-12 09:00:00,97.64,99.7,0.517,Released,0
PB5167,Cough Syrup 100ml,2024-06-14 19:00:00,97.95,101.74,0.211,Released,0
PB5168,Cough Syrup 100ml,2024-06-16 20:00:00,98.19,97.57,0.144,Released,0
PB5169,Paracetamol 500mg Tablet,2024-06-14 05:00:00,99.75,82.83,0.117,Released,0
PB5170,Paracetamol 500mg Tablet,2024-06-18 15:00:00,98.75,74.18,0.366,Hold,0
PB5171,Paracetamol 500mg Tablet,2024-06-16 03:00:00,98.19,83.14,0.152,Released,0
PB5172,Paracetamol 500mg Tablet,2024-06-19 07:00:00,99.31,76.58,0.066,Hold,0
PB5172,Paracetamol 500mg Tablet,2024-06-18 04:00:00,97.99,81.58,0.384,Released,0
PB5173,Paracetamol 500mg Tablet,2024-06-18 17:00:00,99.66,85.74,0.554,Released,0
PB5174,Injectable Saline 0.9%,2024-06-21 08:00:00,97.65,92.05,0.011,Released,0
PB5174,Injectable Saline 0.9%,2024-06-19 09:00:00,96.89,96.87,0.109,Hold,0
PB5175,Amoxicillin 250mg Capsule,2024-06-21 07:00:00,98.23,99.07,0.01,Released,0
PB5176,Amoxicillin 250mg Capsule,2024-06-21 17:00:00,98.75,95.37,0.235,Released,0
PB5177,Amoxicillin 250mg Capsule,2024-06-24 09:00:00,97.56,101.13,0.06,Released,0
PB5178,Cough Syrup 100ml,2024-06-24 12:00:00,98.78,93.16,0.311,Released,0
PB5179,Amoxicillin 250mg Capsule,2024-06-26 20:00:00,97.27,87.26,0.206,Released,0
PB5180,Cough Syrup 100ml,2024-06-26 13:00:00,98.41,107.16,0.075,Released,0
PB5180,Cough Syrup 100ml,2024-06-25 22:00:00,98.13,99.75,0.029,Released,0
PB5181,Injectable Saline 0.9%,2024-06-27 07:00:00,97.08,101.65,0.117,Released,0
PB5182,Injectable Saline 0.9%,2024-06-27 19:00:00,98.77,91.66,0.348,Released,0
PB5183,Injectable Saline 0.9%,2024-06-29 05:00:00,97.45,106.99,0.323,Released,0
PB5183,Injectable Saline 0.9%,2024-07-01 10:00:00,98.44,102.58,0.277,Released,0
PB5184,Cough Syrup 100ml,2024-07-02 17:00:00,98.29,89.8,0.001,Released,0
PB5184,Cough Syrup 100ml,2024-07-01 17:00:00,98.03,91.86,0.479,Released,0
PB5185,Injectable Saline 0.9%,2024-07-02 11:00:00,97.51,96.51,0.257,Released,0
PB5186,Amoxicillin 250mg Capsule,2024-07-03 17:00:00,98.56,87.38,0.284,Released,0
PB5187,Amoxicillin 250mg Capsule,2024-07-04 04:00:00,98.21,98.46,0.105,Released,0
PB5188,Amoxicillin 250mg Capsule,2024-07-05 07:00:00,98.27,93.73,0.004,Released,0
PB5188,Amoxicillin 250mg Capsule,2024-07-04 18:00:00,97.56,98.37,0.416,Released,0
PB5189,Injectable Saline 0.9%,2024-07-07 08:00:00,98.8,90.28,0.343,Released,0
PB5190,Amoxicillin 250mg Capsule,2024-07-05 21:00:00,97.99,100.31,0.293,Released,0
PB5191,Cough Syrup 100ml,2024-07-08 17:00:00,98.37,103.51,0.373,Released,0
PB5192,Amoxicillin 250mg Capsule,2024-07-06 22:00:00,98.33,97.29,0.254,Released,0
PB5193,Cough Syrup 100ml,2024-07-08 18:00:00,97.23,93.33,0.402,Released,0
PB5193,Cough Syrup 100ml,2024-07-08 18:00:00,97.8,98.53,0.134,Released,0
PB5194,Amoxicillin 250mg Capsule,2024-07-11 06:00:00,98.02,95.42,0.119,Released,0
PB5195,Cough Syrup 100ml,2024-07-09 13:00:00,98.21,102.02,0.047,Released,0
PB5196,Injectable Saline 0.9%,2024-07-13 08:00:00,98.3,101.4,0.146,Released,0
PB5197,Paracetamol 500mg Tablet,2024-07-12 01:00:00,99.09,83.06,0.23,Released,0
PB5198,Paracetamol 500mg Tablet,2024-07-14 20:00:00,99.56,94.04,0.48,Released,0
PB5199,Paracetamol 500mg Tablet,2024-07-16 15:00:00,99.3,83.18,0.543,Released,0
PB5199,Paracetamol 500mg Tablet,2024-07-15 20:00:00,99.27,81.83,0.371,Released,0
PB5200,Paracetamol 500mg Tablet,2024-07-14 05:00:00,98.43,83.67,0.147,Released,0
PB5201,Paracetamol 500mg Tablet,2024-07-18 19:00:00,99.14,84.49,0.278,Released,0
PB5202,Injectable Saline 0.9%,2024-07-18 08:00:00,98.81,95.28,0.242,Released,0
PB5203,Injectable Saline 0.9%,2024-07-18 06:00:00,97.83,97.78,0.422,Released,0
PB5204,Paracetamol 500mg Tablet,2024-07-20 19:00:00,99.56,84.34,0.073,Released,0
PB5205,Paracetamol 500mg Tablet,2024-07-21 03:00:00,99.47,79.71,0.078,Hold,0
PB5206,Cough Syrup 100ml,2024-07-22 20:00:00,98.02,105.25,0.387,Released,0
PB5207,Cough Syrup 100ml,2024-07-22 22:00:00,98.81,97.51,0.201,Released,0
PB5208,Amoxicillin 250mg Capsule,2024-07-24 21:00:00,99.08,90.34,0.224,Released,0
PB5209,Cough Syrup 100ml,2024-07-25 06:00:00,97.47,98.47,0.036,Released,0
PB5210,Paracetamol 500mg Tablet,2024-07-25 06:00:00,99.61,68.76,0.372,Hold,0
PB5211,Paracetamol 500mg Tablet,2024-07-26 07:00:00,98.74,83.1,0.072,Released,0
PB5212,Paracetamol 500mg Tablet,2024-07-26 03:00:00,98.95,99.66,0.118,Released,0
PB5213,Amoxicillin 250mg Capsule,2024-07-28 02:00:00,97.76,100.31,0.342,Released,0
PB5214,Cough Syrup 100ml,2024-07-30 00:00:00,97.97,98.71,0.018,Released,0
PB5215,Injectable Saline 0.9%,2024-07-31 19:00:00,98.11,103.85,0.006,Released,0
PB5216,Paracetamol 500mg Tablet,2024-08-01 16:00:00,99.18,72.88,0.024,Hold,0
PB5217,Amoxicillin 250mg Capsule,2024-08-05 18:00:00,98.45,105.15,0.277,Released,0
PB5218,Cough Syrup 100ml,2024-08-03 18:00:00,97.44,100.27,0.344,Released,0
PB5219,Cough Syrup 100ml,2024-08-06 18:00:00,98.67,88.37,0.109,Released,0
PB5220,Injectable Saline 0.9%,2024-08-05 02:00:00,98.36,108.79,0.187,Released,0
PB5221,Amoxicillin 250mg Capsule,2024-08-08 20:00:00,97.85,90.03,0.356,Released,0
PB5222,Amoxicillin 250mg Capsule,2024-08-07 11:00:00,97.62,97.48,0.194,Released,0
PB5223,Injectable Saline 0.9%,2024-08-08 17:00:00,97.91,99.13,0.223,Released,0
PB5223,Injectable Saline 0.9%,2024-08-09 21:00:00,97.3,92.52,0.182,Released,0
PB5224,Amoxicillin 250mg Capsule,2024-08-11 10:00:00,98.74,98.94,0.335,Released,0
PB5225,Amoxicillin 250mg Capsule,2024-08-12 00:00:00,98.12,102.31,0.394,Released,0
PB5226,Amoxicillin 250mg Capsule,2024-08-12 16:00:00,98.47,94.12,0.228,Released,0
PB5227,Amoxicillin 250mg Capsule,2024-08-13 20:00:00,97.59,109.42,0.141,Released,0
PB5228,Cough Syrup 100ml,2024-08-14 23:00:00,98.07,94.73,0.034,Released,0
PB5229,Paracetamol 500mg Tablet,2024-08-15 19:00:00,98.03,84.01,0.15,Released,0
PB5230,Paracetamol 500mg Tablet,2024-08-14 21:00:00,98.73,75.72,0.283,Hold,0
PB5231,Cough Syrup 100ml,2024-08-16 23:00:00,98.74,95.74,0.288,Released,0
PB5231,Cough Syrup 100ml,2024-08-17 10:00:00,97.97,90.42,0.363,Released,0
PB5232,Injectable Saline 0.9%,2024-08-16 17:00:00,98.77,91.11,0.074,Released,0
PB5233,Injectable Saline 0.9%,2024-08-18 04:00:00,99.67,96.73,0.001,Released,0
PB5233,Injectable Saline 0.9%,2024-08-18 19:00:00,98.07,96.86,0.031,Released,0
PB5234,Amoxicillin 250mg Capsule,2024-08-18 07:00:00,98.73,93.83,0.241,Released,0
PB5235,Amoxicillin 250mg Capsule,2024-08-21 23:00:00,97.91,96.5,0.246,Released,0
PB5236,Amoxicillin 250mg Capsule,2024-08-19 15:00:00,97.49,108.1,0.049,Released,0
PB5237,Paracetamol 500mg Tablet,2024-08-21 21:00:00,99.14,78.4,0.231,Hold,0
PB5238,Cough Syrup 100ml,2024-08-23 03:00:00,97.28,89.9,0.356,Released,0
PB5239,Cough Syrup 100ml,2024-08-22 04:00:00,98.45,99.92,0.088,Released,0
PB5240,Cough Syrup 100ml,2024-08-24 08:00:00,98.11,94.38,0.115,Released,0
PB5241,Cough Syrup 100ml,2024-08-27 08:00:00,97.99,98.93,0.069,Released,0
PB5242,Injectable Saline 0.9%,2024-08-27 14:00:00,98.06,94.5,0.073,Released,0
PB5243,Cough Syrup 100ml,2024-08-28 02:00:00,96.9,99.26,0.142,Hold,0
PB5244,Cough Syrup 100ml,2024-08-31 08:00:00,97.92,95.55,0.383,Released,0
PB5245,Injectable Saline 0.9%,2024-09-01 01:00:00,97.95,98.33,0.232,Released,0
PB5246,Injectable Saline 0.9%,2024-09-05 18:00:00,98.65,92.29,0.141,Released,0
PB5247,Paracetamol 500mg Tablet,2024-09-07 09:00:00,100.27,91.82,0.531,Released,0
PB5248,Amoxicillin 250mg Capsule,2024-09-09 00:00:00,96.98,95.5,0.138,Hold,0
PB5249,Injectable Saline 0.9%,2024-09-08 02:00:00,98.13,98.67,0.194,Released,0
PB5250,Amoxicillin 250mg Capsule,2024-09-09 01:00:00,98.26,103.23,0.061,Released,0
PB5251,Cough Syrup 100ml,2024-09-09 19:00:00,97.77,103.03,0.48,Released,0
PB5251,Cough Syrup 100ml,2024-09-08 06:00:00,96.98,99.21,0.067,Hold,0
PB5252,Injectable Saline 0.9%,2024-09-11 18:00:00,98.05,97.85,0.038,Released,1
PB5253,Paracetamol 500mg Tablet,2024-09-11 10:00:00,98.5,88.66,0.014,Released,0
PB5254,Amoxicillin 250mg Capsule,2024-09-12 17:00:00,98.73,98.24,0.142,Released,0
PB5254,Amoxicillin 250mg Capsule,2024-09-13 13:00:00,97.22,104.85,0.051,Released,0
PB5255,Amoxicillin 250mg Capsule,2024-09-15 05:00:00,98.07,96.35,0.2,Released,0
PB5256,Cough Syrup 100ml,2024-09-15 01:00:00,98.0,98.32,0.211,Released,0
PB5257,Cough Syrup 100ml,2024-09-16 03:00:00,97.9,90.93,0.251,Released,0
PB5258,Paracetamol 500mg Tablet,2024-09-18 15:00:00,99.4,83.04,0.105,Released,0
PB5259,Paracetamol 500mg Tablet,2024-09-19 17:00:00,99.65,94.95,0.136,Released,0
PB5259,Paracetamol 500mg Tablet,2024-09-18 22:00:00,97.92,83.43,0.316,Released,0
PB5260,Injectable Saline 0.9%,2024-09-21 18:00:00,98.07,97.73,0.187,Released,0
PB5260,Injectable Saline 0.9%,2024-09-21 04:00:00,97.81,102.85,0.153,Released,0
PB5261,Amoxicillin 250mg Capsule,2024-09-22 00:00:00,98.22,94.4,0.291,Released,0
PB5262,Injectable Saline 0.9%,2024-09-20 03:00:00,97.81,91.94,0.289,Released,0
PB5263,Cough Syrup 100ml,2024-09-20 05:00:00,98.02,102.2,0.276,Released,0
PB5264,Paracetamol 500mg Tablet,2024-09-22 15:00:00,99.01,88.63,0.323,Released,0
PB5264,Paracetamol 500mg Tablet,2024-09-22 16:00:00,99.12,91.82,0.22,Released,0
PB5265,Amoxicillin 250mg Capsule,2024-09-26 12:00:00,98.35,96.1,0.192,Released,0
PB5265,Amoxicillin 250mg Capsule,2024-09-24 16:00:00,98.35,112.16,0.217,Released,0
PB5266,Paracetamol 500mg Tablet,2024-09-24 06:00:00,98.64,81.7,0.108,Released,0
PB5266,Paracetamol 500mg Tablet,2024-09-24 21:00:00,99.14,87.32,0.073,Released,0
PB5267,Paracetamol 500mg Tablet,2024-09-28 19:00:00,98.56,90.3,0.397,Released,0
PB5268,Amoxicillin 250mg Capsule,2024-09-28 08:00:00,98.13,103.42,0.102,Released,0
PB5269,Cough Syrup 100ml,2024-09-30 05:00:00,97.38,106.61,0.077,Released,0
PB5270,Injectable Saline 0.9%,2024-10-01 15:00:00,99.52,92.79,0.344,Released,0
PB5271,Injectable Saline 0.9%,2024-10-01 22:00:00,98.11,96.25,0.379,Released,0
PB5272,Cough Syrup 100ml,2024-10-02 00:00:00,97.4,99.58,0.291,Released,0
PB5273,Amoxicillin 250mg Capsule,2024-10-04 17:00:00,98.73,99.52,0.168,Released,0
PB5274,Amoxicillin 250mg Capsule,2024-10-02 00:00:00,97.86,95.49,0.4,Released,0
PB5275,Cough Syrup 100ml,2024-10-05 21:00:00,98.5,99.51,0.057,Released,0
PB5276,Amoxicillin 250mg Capsule,2024-10-06 13:00:00,98.04,101.92,0.441,Released,0
PB5277,Paracetamol 500mg Tablet,2024-10-07 20:00:00,99.34,90.45,0.226,Released,0
PB5278,Injectable Saline 0.9%,2024-10-07 15:00:00,97.79,91.87,0.39,Released,0
PB5279,Cough Syrup 100ml,2024-10-08 14:00:00,98.03,97.6,0.282,Released,0
PB5279,Cough Syrup 100ml,2024-10-08 00:00:00,98.26,97.33,0.325,Released,0
PB5280,Amoxicillin 250mg Capsule,2024-10-11 13:00:00,99.48,100.59,0.232,Released,0
PB5281,Paracetamol 500mg Tablet,2024-10-11 18:00:00,99.42,84.34,0.149,Released,0
PB5282,Injectable Saline 0.9%,2024-10-11 16:00:00,97.59,109.84,0.156,Released,0
PB5283,Cough Syrup 100ml,2024-10-13 07:00:00,98.31,99.73,0.4,Released,0
PB5284,Amoxicillin 250mg Capsule,2024-10-14 09:00:00,98.53,98.02,0.022,Released,0
PB5284,Amoxicillin 250mg Capsule,2024-10-13 16:00:00,97.94,97.49,0.156,Released,0
PB5285,Cough Syrup 100ml,2024-10-16 04:00:00,98.12,94.95,0.042,Released,0
PB5286,Injectable Saline 0.9%,2024-10-14 18:00:00,97.94,94.59,0.142,Released,0
PB5287,Injectable Saline 0.9%,2024-10-17 05:00:00,97.74,97.99,0.218,Released,0
PB5287,Injectable Saline 0.9%,2024-10-15 15:00:00,98.09,93.9,0.189,Released,0
PB5288,Injectable Saline 0.9%,2024-10-16 14:00:00,98.39,91.46,0.294,Released,0
PB5289,Amoxicillin 250mg Capsule,2024-10-16 14:00:00,98.37,96.94,0.352,Released,0
PB5290,Cough Syrup 100ml,2024-10-17 09:00:00,98.94,104.02,0.355,Released,0
PB5291,Amoxicillin 250mg Capsule,2024-10-20 02:00:00,97.8,105.02,0.416,Released,0
PB5292,Cough Syrup 100ml,2024-10-19 15:00:00,97.19,92.44,0.355,Released,0
PB5293,Amoxicillin 250mg Capsule,2024-10-22 05:00:00,97.87,96.36,0.123,Released,0
PB5294,Paracetamol 500mg Tablet,2024-10-21 18:00:00,99.24,76.69,0.054,Hold,0
PB5295,Injectable Saline 0.9%,2024-10-23 04:00:00,97.6,92.2,0.17,Released,0
PB5296,Cough Syrup 100ml,2024-10-25 21:00:00,99.39,92.06,0.486,Released,0
PB5297,Paracetamol 500mg Tablet,2024-10-25 16:00:00,98.95,83.81,0.306,Released,0
PB5298,Injectable Saline 0.9%,2024-10-26 01:00:00,97.53,94.72,0.025,Released,0
PB5299,Injectable Saline 0.9%,2024-10-29 04:00:00,98.49,104.59,0.066,Released,0
PB5300,Paracetamol 500mg Tablet,2024-10-30 12:00:00,98.76,95.31,0.181,Released,0
PB5301,Injectable Saline 0.9%,2024-10-30 15:00:00,98.22,99.02,0.371,Released,0
PB5302,Cough Syrup 100ml,2024-10-30 17:00:00,97.7,97.91,0.004,Released,0
PB5303,Injectable Saline 0.9%,2024-11-04 15:00:00,97.04,92.0,0.282,Released,0
PB5304,Cough Syrup 100ml,2024-11-05 14:00:00,97.22,94.34,0.118,Released,0
PB5304,Cough Syrup 100ml,2024-11-06 08:00:00,99.09,101.28,0.339,Released,0
PB5305,Paracetamol 500mg Tablet,2024-11-06 23:00:00,98.21,73.81,0.005,Hold,1
PB5305,Paracetamol 500mg Tablet,2024-11-04 16:00:00,99.87,80.61,0.055,Released,0
PB5306,Paracetamol 500mg Tablet,2024-11-07 00:00:00,99.22,85.47,0.101,Released,0
PB5307,Amoxicillin 250mg Capsule,2024-11-08 18:00:00,97.95,97.0,0.439,Released,0
PB5307,Amoxicillin 250mg Capsule,2024-11-08 10:00:00,98.33,102.81,0.044,Released,0
PB5308,Amoxicillin 250mg Capsule,2024-11-08 04:00:00,98.26,94.54,0.517,Released,0
PB5309,Cough Syrup 100ml,2024-11-10 00:00:00,97.3,93.66,0.47,Released,0
PB5310,Amoxicillin 250mg Capsule,2024-11-09 20:00:00,99.46,105.1,0.242,Released,0
PB5311,Paracetamol 500mg Tablet,2024-11-09 17:00:00,98.95,81.2,0.19,Released,0
PB5312,Injectable Saline 0.9%,2024-11-10 13:00:00,97.49,101.68,0.189,Released,0
PB5312,Injectable Saline 0.9%,2024-11-10 17:00:00,97.43,97.69,0.183,Released,0
PB5313,Cough Syrup 100ml,2024-11-12 16:00:00,97.0,88.4,0.008,Hold,0
PB5314,Cough Syrup 100ml,2024-11-13 00:00:00,97.49,99.16,0.123,Released,0
PB5315,Cough Syrup 100ml,2024-11-14 03:00:00,98.67,102.06,0.14,Released,0
PB5316,Paracetamol 500mg Tablet,2024-11-14 18:00:00,97.24,83.98,0.337,Released,0
PB5317,Injectable Saline 0.9%,2024-11-15 19:00:00,97.3,105.91,0.266,Released,0
PB5318,Cough Syrup 100ml,2024-11-20 23:00:00,97.98,94.55,0.049,Released,0
PB5318,Cough Syrup 100ml,2024-11-20 00:00:00,97.67,103.62,0.25,Released,0
PB5319,Injectable Saline 0.9%,2024-11-19 21:00:00,97.85,98.41,0.287,Released,0
PB5320,Cough Syrup 100ml,2024-11-19 01:00:00,97.95,102.6,0.355,Released,0
PB5321,Paracetamol 500mg Tablet,2024-11-20 11:00:00,99.62,85.82,0.281,Released,0
PB5322,Amoxicillin 250mg Capsule,2024-11-22 17:00:00,97.38,95.71,0.404,Released,0
PB5323,Paracetamol 500mg Tablet,2024-11-22 03:00:00,99.38,86.93,0.192,Released,0
PB5324,Injectable Saline 0.9%,2024-11-23 08:00:00,98.85,99.14,0.452,Released,0
PB5325,Injectable Saline 0.9%,2024-11-25 21:00:00,97.93,92.68,0.008,Released,0
PB5325,Injectable Saline 0.9%,2024-11-23 00:00:00,97.25,108.54,0.012,Released,0
PB5326,Amoxicillin 250mg Capsule,2024-11-24 09:00:00,98.76,105.33,0.291,Released,0
PB5327,Cough Syrup 100ml,2024-11-26 09:00:00,98.65,91.23,0.159,Released,0
PB5327,Cough Syrup 100ml,2024-11-27 20:00:00,98.56,95.58,0.307,Released,0
PB5328,Paracetamol 500mg Tablet,2024-11-27 21:00:00,98.65,81.09,0.312,Released,0
PB5328,Paracetamol 500mg Tablet,2024-11-26 10:00:00,98.19,82.35,0.19,Released,0
PB5329,Paracetamol 500mg Tablet,2024-11-30 03:00:00,99.36,81.29,0.409,Released,0
PB5330,Amoxicillin 250mg Capsule,2024-11-30 19:00:00,97.44,89.06,0.059,Released,0
PB5331,Amoxicillin 250mg Capsule,2024-11-30 06:00:00,98.23,97.89,0.131,Released,0
PB5331,Amoxicillin 250mg Capsule,2024-11-30 23:00:00,98.9,102.26,0.403,Released,0
PB5332,Injectable Saline 0.9%,2024-12-03 19:00:00,98.34,96.37,0.452,Released,0
PB5332,Injectable Saline 0.9%,2024-12-03 13:00:00,98.51,93.78,0.388,Released,0
PB5333,Amoxicillin 250mg Capsule,2024-12-03 23:00:00,98.11,92.24,0.426,Released,0
PB5334,Cough Syrup 100ml,2024-12-05 17:00:00,97.62,104.12,0.149,Released,0
PB5335,Cough Syrup 100ml,2024-12-05 07:00:00,98.53,101.09,0.289,Released,0
PB5336,Cough Syrup 100ml,2024-12-06 14:00:00,97.1,96.29,0.291,Released,0
PB5337,Paracetamol 500mg Tablet,2024-12-07 07:00:00,98.7,90.43,0.134,Released,0
PB5338,Injectable Saline 0.9%,2024-12-09 18:00:00,98.18,100.05,0.22,Released,0
PB5339,Amoxicillin 250mg Capsule,2024-12-11 23:00:00,97.28,98.24,0.482,Released,0
PB5340,Amoxicillin 250mg Capsule,2024-12-11 08:00:00,98.2,90.46,0.211,Released,0
PB5341,Amoxicillin 250mg Capsule,2024-12-12 12:00:00,97.62,96.91,0.329,Released,0
PB5342,Cough Syrup 100ml,2024-12-13 00:00:00,98.19,101.07,0.127,Released,0
PB5343,Injectable Saline 0.9%,2024-12-14 20:00:00,98.01,102.2,0.093,Released,0
PB5344,Paracetamol 500mg Tablet,2024-12-16 01:00:00,99.03,84.8,0.051,Released,0
PB5345,Paracetamol 500mg Tablet,2024-12-15 02:00:00,100.23,83.39,0.029,Released,0
PB5346,Injectable Saline 0.9%,2024-12-18 19:00:00,98.05,102.86,0.388,Released,0
PB5347,Injectable Saline 0.9%,2024-12-17 22:00:00,98.11,97.95,0.202,Released,0
PB5348,Amoxicillin 250mg Capsule,2024-12-17 09:00:00,98.18,93.38,0.142,Released,0
PB5349,Amoxicillin 250mg Capsule,2024-12-20 22:00:00,98.44,104.66,0.289,Released,0
PB5350,Cough Syrup 100ml,2024-12-19 04:00:00,97.56,104.59,0.189,Released,0
PB5350,Cough Syrup 100ml,2024-12-20 15:00:00,96.9,101.29,0.304,Hold,0
PB5351,Cough Syrup 100ml,2024-12-22 10:00:00,97.49,105.04,0.099,Released,0
PB5352,Cough Syrup 100ml,2024-12-22 16:00:00,97.66,99.09,0.382,Released,0
PB5353,Cough Syrup 100ml,2024-12-23 03:00:00,97.7,101.17,0.111,Released,0
PB5354,Paracetamol 500mg Tablet,2024-12-23 21:00:00,99.65,80.5,0.055,Released,0
PB5354,Paracetamol 500mg Tablet,2024-12-22 22:00:00,100.64,78.67,0.116,Hold,0
PB5355,Injectable Saline 0.9%,2024-12-24 00:00:00,99.62,86.44,0.137,Released,0
PB5356,Injectable Saline 0.9%,2024-12-26 00:00:00,98.75,92.9,0.22,Released,0
PB5357,Cough Syrup 100ml,2024-12-25 04:00:00,99.14,98.66,0.189,Released,0
PB5357,Cough Syrup 100ml,2024-12-25 04:00:00,98.33,99.92,0.419,Released,0
PB5358,Amoxicillin 250mg Capsule,2024-12-28 02:00:00,97.83,92.89,0.219,Released,0
PB5359,Amoxicillin 250mg Capsule,2024-12-28 03:00:00,98.75,100.61,0.257,Released,0
PB5360,Cough Syrup 100ml,2024-12-27 20:00:00,97.24,98.57,0.155,Released,0
PB5361,Paracetamol 500mg Tablet,2024-12-29 13:00:00,99.48,91.23,0.308,Released,0
PB5362,Cough Syrup 100ml,2024-12-29 05:00:00,97.35,97.79,0.135,Released,0
PB5363,Injectable Saline 0.9%,2024-12-31 12:00:00,97.92,97.58,0.103,Released,0
