sku,product,warehouse,quantity_units,expiry_date
SKU-PAR-500,Paracetamol 500mg Tablet,Main Warehouse,17074,2024-08-12
SKU-PAR-500,Paracetamol 500mg Tablet,Cold Store,40761,2025-10-10
SKU-PAR-500,Paracetamol 500mg Tablet,Regional DC,37826,2025-08-15
SKU-AMO-250,Amoxicillin 250mg Capsule,Main Warehouse,1483,2024-11-19
SKU-AMO-250,Amoxicillin 250mg Capsule,Cold Store,48315,2025-09-01
SKU-AMO-250,Amoxicillin 250mg Capsule,Regional DC,15733,2026-01-28
SKU-SYR-100,Cough Syrup 100ml,Main Warehouse,41126,2025-09-24
SKU-SYR-100,Cough Syrup 100ml,Cold Store,28344,2025-07-12
SKU-SYR-100,Cough Syrup 100ml,Regional DC,4558,2025-09-17
SKU-SAL-09,Injectable Saline 0.9%,Main Warehouse,43573,2024-07-24
SKU-SAL-09,Injectable Saline 0.9%,Cold Store,21240,2024-05-12
SKU-SAL-09,Injectable Saline 0.9%,Regional DC,29736,2025-06-11
