batch_date,batch_id,product,production_line,planned_qty_units,actual_yield_percent,start_timestamp,duration_hours,operator,deviation_flag
2024-01-01,PB5001,Amoxicillin 250mg Capsule,Line-Amoxicillin,100000,92.91,2024-01-01 19:00:00,9.16,Op_Dina,0
2024-01-01,PB5002,Injectable Saline 0.9%,Line-Injectable,200000,93.37,2024-01-01 09:00:00,1.77,Op_Ali,0
2024-01-02,PB5003,Paracetamol 500mg Tablet,Line-Paracetamol,50000,98.68,2024-01-02 14:00:00,4.82,Op_Basma,0
2024-01-02,PB5004,Paracetamol 500mg Tablet,Line-Paracetamol,100000,98.19,2024-01-02 16:00:00,2.82,Op_Cyrus,0
2024-01-05,PB5005,Paracetamol 500mg Tablet,Line-Paracetamol,50000,97.92,2024-01-05 20:00:00,6.59,Op_Cyrus,1
2024-01-07,PB5006,Cough Syrup 100ml,Line-Cough,200000,92.94,2024-01-07 09:00:00,8.35,Op_Basma,0
2024-01-08,PB5007,Paracetamol 500mg Tablet,Line-Paracetamol,50000,98.01,2024-01-08 11:00:00,8.08,Op_Ali,0
2024-01-09,PB5008,Cough Syrup 100ml,Line-Cough,50000,94.43,2024-01-09 02:00:00,2.69,Op_Dina,0
2024-01-10,PB5009,Amoxicillin 250mg Capsule,Line-Amoxicillin,50000,94.28,2024-01-10 05:00:00,3.88,Op_Dina,0
2024-01-11,PB5010,Paracetamol 500mg Tablet,Line-Paracetamol,50000,98.41,2024-01-11 07:00:00,9.27,Op_Ali,0
2024-01-12,PB5011,Paracetamol 500mg Tablet,Line-Paracetamol,100000,98.83,2024-01-12 09:00:00,8.18,Op_Cyrus,0
2024-01-13,PB5012,Amoxicillin 250mg Capsule,Line-Amoxicillin,100000,96.36,2024-01-13 03:00:00,6.61,Op_Cyrus,0
2024-01-14,PB5013,Cough Syrup 100ml,Line-Cough,200000,94.25,2024-01-14 14:00:00,7.65,Op_Ali,0
2024-01-15,PB5014,Cough Syrup 100ml,Line-Cough,200000,95.6,2024-01-15 08:00:00,4.15,Op_Ali,0
2024-01-16,PB5015,Cough Syrup 100ml,Line-Cough,100000,97.96,2024-01-16 07:00:00,4.85,Op_Basma,0
2024-01-16,PB5016,Paracetamol 500mg Tablet,Line-Paracetamol,100000,98.65,2024-01-16 02:00:00,8.71,Op_Dina,0
2024-01-17,PB5017,Injectable Saline 0.9%,Line-Injectable,200000,94.95,2024-01-17 23:00:00,8.1,Op_Basma,0
2024-01-18,PB5018,Injectable Saline 0.9%,Line-Injectable,100000,93.21,2024-01-18 22:00:00,11.98,Op_Dina,0
2024-01-19,PB5019,Cough Syrup 100ml,Line-Cough,50000,96.53,2024-01-19 11:00:00,6.1,Op_Cyrus,0
2024-01-19,PB5020,Injectable Saline 0.9%,Line-Injectable,50000,94.2,2024-01-19 11:00:00,6.6,Op_Cyrus,0
2024-01-20,PB5021,Paracetamol 500mg Tablet,Line-Paracetamol,100000,98.21,2024-01-20 00:00:00,8.01,Op_Dina,0
2024-01-22,PB5022,Cough Syrup 100ml,Line-Cough,50000,93.85,2024-01-22 14:00:00,4.0,Op_Cyrus,0
2024-01-23,PB5023,Cough Syrup 100ml,Line-Cough,200000,94.03,2024-01-23 14:00:00,7.36,Op_Dina,0
2024-01-23,PB5024,Injectable Saline 0.9%,Line-Injectable,50000,96.85,2024-01-23 23:00:00,9.36,Op_Basma,0
2024-01-25,PB5025,Amoxicillin 250mg Capsule,Line-Amoxicillin,200000,95.5,2024-01-25 06:00:00,8.96,Op_Ali,0
2024-01-27,PB5026,Cough Syrup 100ml,Line-Cough,50000,94.64,2024-01-27 10:00:00,3.28,Op_Basma,1
2024-01-28,PB5027,Injectable Saline 0.9%,Line-Injectable,200000,95.49,2024-01-28 03:00:00,3.59,Op_Cyrus,0
2024-01-28,PB5028,Amoxicillin 250mg Capsule,Line-Amoxicillin,200000,94.75,2024-01-28 07:00:00,5.47,Op_Dina,0
2024-01-29,PB5029,Cough Syrup 100ml,Line-Cough,50000,96.32,2024-01-29 20:00:00,3.69,Op_Cyrus,1
2024-01-30,PB5030,Injectable Saline 0.9%,Line-Injectable,100000,94.87,2024-01-30 01:00:00,6.84,Op_Ali,0
2024-01-31,PB5031,Injectable Saline 0.9%,Line-Injectable,200000,96.03,2024-01-31 06:00:00,9.88,Op_Ali,0
2024-02-03,PB5032,Cough Syrup 100ml,Line-Cough,50000,93.17,2024-02-03 06:00:00,5.44,Op_Dina,0
2024-02-04,PB5033,Cough Syrup 100ml,Line-Cough,200000,96.35,2024-02-04 04:00:00,8.0,Op_Ali,0
2024-02-05,PB5034,Amoxicillin 250mg Capsule,Line-Amoxicillin,100000,94.23,2024-02-05 07:00:00,5.66,Op_Cyrus,0
2024-02-06,PB5035,Cough Syrup 100ml,Line-Cough,50000,94.49,2024-02-06 21:00:00,3.02,Op_Dina,0
2024-02-07,PB5036,Injectable Saline 0.9%,Line-Injectable,200000,97.14,2024-02-07 09:00:00,4.89,Op_Dina,0
2024-02-07,PB5037,Amoxicillin 250mg Capsule,Line-Amoxicillin,100000,93.41,2024-02-07 04:00:00,3.77,Op_Dina,1
2024-02-08,PB5038,Injectable Saline 0.9%,Line-Injectable,100000,93.0,2024-02-08 00:00:00,2.65,Op_Cyrus,0
2024-02-08,PB5039,Paracetamol 500mg Tablet,Line-Paracetamol,50000,96.87,2024-02-08 22:00:00,9.98,Op_Cyrus,0
2024-02-09,PB5040,Paracetamol 500mg Tablet,Line-Paracetamol,200000,99.8,2024-02-09 19:00:00,8.01,Op_Dina,0
2024-02-11,PB5041,Paracetamol 500mg Tablet,Line-Paracetamol,50000,97.64,2024-02-11 10:00:00,11.79,Op_Basma,0
2024-02-12,PB5042,Injectable Saline 0.9%,Line-Injectable,50000,94.03,2024-02-12 06:00:00,7.56,Op_Basma,0
2024-02-13,PB5043,Injectable Saline 0.9%,Line-Injectable,200000,93.98,2024-02-13 07:00:00,3.54,Op_Ali,0
2024-02-14,PB5044,Cough Syrup 100ml,Line-Cough,200000,90.79,2024-02-14 05:00:00,1.44,Op_Ali,0
2024-02-16,PB5045,Paracetamol 500mg Tablet,Line-Paracetamol,100000,98.5,2024-02-16 04:00:00,9.43,Op_Ali,0
2024-02-17,PB5046,Paracetamol 500mg Tablet,Line-Paracetamol,50000,97.99,2024-02-17 02:00:00,9.15,Op_Dina,0
2024-02-18,PB5047,Paracetamol 500mg Tablet,Line-Paracetamol,50000,99.39,2024-02-18 03:00:00,6.0,Op_Dina,0
2024-02-19,PB5048,Paracetamol 500mg Tablet,Line-Paracetamol,100000,99.61,2024-02-19 15:00:00,4.12,Op_Ali,0
2024-02-20,PB5049,Injectable Saline 0.9%,Line-Injectable,200000,94.09,2024-02-20 22:00:00,8.6,Op_Cyrus,0
2024-02-21,PB5050,Cough Syrup 100ml,Line-Cough,50000,96.1,2024-02-21 00:00:00,8.9,Op_Dina,1
2024-02-22,PB5051,Injectable Saline 0.9%,Line-Injectable,200000,95.63,2024-02-22 04:00:00,5.32,Op_Ali,0
2024-02-23,PB5052,Amoxicillin 250mg Capsule,Line-Amoxicillin,50000,93.59,2024-02-23 15:00:00,7.9,Op_Ali,0
2024-02-23,PB5053,Amoxicillin 250mg Capsule,Line-Amoxicillin,50000,95.94,2024-02-23 08:00:00,5.3,Op_Ali,0
2024-02-24,PB5054,Amoxicillin 250mg Capsule,Line-Amoxicillin,50000,93.36,2024-02-24 06:00:00,6.93,Op_Dina,0
2024-02-25,PB5055,Amoxicillin 250mg Capsule,Line-Amoxicillin,100000,96.46,2024-02-25 12:00:00,10.28,Op_Ali,0
2024-02-26,PB5056,Amoxicillin 250mg Capsule,Line-Amoxicillin,50000,96.14,2024-02-26 21:00:00,4.22,Op_Basma,0
2024-02-26,PB5057,Paracetamol 500mg Tablet,Line-Paracetamol,100000,97.57,2024-02-26 02:00:00,5.22,Op_Basma,0
2024-02-27,PB5058,Injectable Saline 0.9%,Line-Injectable,50000,93.72,2024-02-27 21:00:00,4.75,Op_Basma,0
2024-02-27,PB5059,Paracetamol 500mg Tablet,Line-Paracetamol,100000,99.96,2024-02-27 23:00:00,7.57,Op_Ali,0
2024-02-28,PB5060,Paracetamol 500mg Tablet,Line-Paracetamol,100000,97.63,2024-02-28 19:00:00,9.02,Op_Dina,0
2024-03-01,PB5061,Amoxicillin 250mg Capsule,Line-Amoxicillin,200000,94.94,2024-03-01 13:00:00,4.14,Op_Dina,0
2024-03-03,PB5062,Paracetamol 500mg Tablet,Line-Paracetamol,50000,95.45,2024-03-03 11:00:00,7.03,Op_Dina,0
2024-03-04,PB5063,Paracetamol 500mg Tablet,Line-Paracetamol,50000,99.5,2024-03-04 03:00:00,6.34,Op_Ali,0
2024-03-06,PB5064,Injectable Saline 0.9%,Line-Injectable,200000,96.27,2024-03-06 19:00:00,5.45,Op_Cyrus,0
2024-03-07,PB5065,Amoxicillin 250mg Capsule,Line-Amoxicillin,100000,93.33,2024-03-07 05:00:00,6.73,Op_Dina,0
2024-03-08,PB5066,Amoxicillin 250mg Capsule,Line-Amoxicillin,50000,93.57,2024-03-08 17:00:00,4.82,Op_Dina,0
2024-03-08,PB5067,Amoxicillin 250mg Capsule,Line-Amoxicillin,200000,94.5,2024-03-08 21:00:00,3.89,Op_Ali,0
2024-03-09,PB5068,Paracetamol 500mg Tablet,Line-Paracetamol,50000,97.03,2024-03-09 01:00:00,10.9,Op_Cyrus,0
2024-03-10,PB5069,Injectable Saline 0.9%,Line-Injectable,50000,96.4,2024-03-10 06:00:00,6.56,Op_Basma,0
2024-03-10,PB5070,Cough Syrup 100ml,Line-Cough,100000,96.71,2024-03-10 02:00:00,4.31,Op_Dina,0
2024-03-11,PB5071,Paracetamol 500mg Tablet,Line-Paracetamol,100000,97.99,2024-03-11 01:00:00,7.67,Op_Dina,0
2024-03-12,PB5072,Injectable Saline 0.9%,Line-Injectable,50000,93.62,2024-03-12 08:00:00,6.38,Op_Cyrus,0
2024-03-13,PB5073,Paracetamol 500mg Tablet,Line-Paracetamol,50000,96.89,2024-03-13 15:00:00,5.15,Op_Basma,0
2024-03-14,PB5074,Paracetamol 500mg Tablet,Line-Paracetamol,100000,96.72,2024-03-14 00:00:00,6.58,Op_Basma,0
2024-03-14,PB5075,Injectable Saline 0.9%,Line-Injectable,100000,95.03,2024-03-14 08:00:00,5.67,Op_Dina,0
2024-03-15,PB5076,Cough Syrup 100ml,Line-Cough,50000,95.13,2024-03-15 23:00:00,2.89,Op_Basma,0
2024-03-15,PB5077,Cough Syrup 100ml,Line-Cough,100000,96.63,2024-03-15 04:00:00,3.39,Op_Cyrus,0
2024-03-16,PB5078,Paracetamol 500mg Tablet,Line-Paracetamol,50000,99.88,2024-03-16 11:00:00,8.26,Op_Dina,0
2024-03-16,PB5079,Paracetamol 500mg Tablet,Line-Paracetamol,200000,98.62,2024-03-16 03:00:00,7.72,Op_Dina,1
2024-03-17,PB5080,Paracetamol 500mg Tablet,Line-Paracetamol,50000,98.4,2024-03-17 16:00:00,5.65,Op_Ali,0
2024-03-18,PB5081,Injectable Saline 0.9%,Line-Injectable,50000,96.0,2024-03-18 02:00:00,6.86,Op_Cyrus,0
2024-03-19,PB5082,Cough Syrup 100ml,Line-Cough,200000,92.14,2024-03-19 08:00:00,2.35,Op_Basma,0
2024-03-20,PB5083,Cough Syrup 100ml,Line-Cough,200000,94.21,2024-03-20 13:00:00,8.47,Op_Cyrus,0
2024-03-21,PB5084,Paracetamol 500mg Tablet,Line-Paracetamol,50000,100.47,2024-03-21 08:00:00,4.88,Op_Cyrus,0
2024-03-21,PB5085,Injectable Saline 0.9%,Line-Injectable,100000,93.85,2024-03-21 08:00:00,5.44,Op_Cyrus,1
2024-03-23,PB5086,Paracetamol 500mg Tablet,Line-Paracetamol,100000,98.25,2024-03-23 03:00:00,9.33,Op_Ali,0
2024-03-23,PB5087,Cough Syrup 100ml,Line-Cough,100000,93.7,2024-03-23 12:00:00,5.72,Op_Basma,0
2024-03-24,PB5088,Injectable Saline 0.9%,Line-Injectable,200000,93.78,2024-03-24 09:00:00,4.67,Op_Dina,0
2024-03-25,PB5089,Injectable Saline 0.9%,Line-Injectable,50000,95.38,2024-03-25 04:00:00,5.27,Op_Basma,0
2024-03-26,PB5090,Injectable Saline 0.9%,Line-Injectable,100000,95.3,2024-03-26 04:00:00,5.17,Op_Cyrus,0
2024-03-27,PB5091,Injectable Saline 0.9%,Line-Injectable,50000,96.1,2024-03-27 13:00:00,4.69,Op_Cyrus,0
2024-03-27,PB5092,Paracetamol 500mg Tablet,Line-Paracetamol,100000,101.44,2024-03-27 18:00:00,2.34,Op_Cyrus,1
2024-03-29,PB5093,Amoxicillin 250mg Capsule,Line-Amoxicillin,200000,94.13,2024-03-29 10:00:00,5.36,Op_Cyrus,0
2024-03-30,PB5094,Injectable Saline 0.9%,Line-Injectable,100000,95.24,2024-03-30 03:00:00,7.53,Op_Cyrus,0
2024-03-31,PB5095,Injectable Saline 0.9%,Line-Injectable,50000,96.25,2024-03-31 21:00:00,6.2,Op_Dina,0
2024-03-31,PB5096,Amoxicillin 250mg Capsule,Line-Amoxicillin,50000,95.0,2024-03-31 23:00:00,7.98,Op_Cyrus,0
2024-04-01,PB5097,Injectable Saline 0.9%,Line-Injectable,200000,93.5,2024-04-01 04:00:00,6.18,Op_Basma,0
2024-04-01,PB5098,Cough Syrup 100ml,Line-Cough,100000,96.75,2024-04-01 14:00:00,3.24,Op_Ali,1
2024-04-02,PB5099,Amoxicillin 250mg Capsule,Line-Amoxicillin,200000,95.51,2024-04-02 16:00:00,4.66,Op_Cyrus,0
2024-04-02,PB5100,Paracetamol 500mg Tablet,Line-Paracetamol,200000,98.67,2024-04-02 13:00:00,5.99,Op_Cyrus,0
2024-04-03,PB5101,Injectable Saline 0.9%,Line-Injectable,50000,97.19,2024-04-03 16:00:00,4.65,Op_Cyrus,0
2024-04-04,PB5102,Injectable Saline 0.9%,Line-Injectable,50000,95.42,2024-04-04 22:00:00,6.44,Op_Cyrus,0
2024-04-05,PB5103,Paracetamol 500mg Tablet,Line-Paracetamol,100000,98.35,2024-04-05 12:00:00,10.27,Op_Ali,0
2024-04-07,PB5104,Amoxicillin 250mg Capsule,Line-Amoxicillin,200000,94.99,2024-04-07 20:00:00,5.79,Op_Dina,0
2024-04-07,PB5105,Cough Syrup 100ml,Line-Cough,50000,95.29,2024-04-07 05:00:00,2.4,Op_Cyrus,0
2024-04-08,PB5106,Amoxicillin 250mg Capsule,Line-Amoxicillin,200000,94.93,2024-04-08 00:00:00,4.78,Op_Dina,0
2024-04-09,PB5107,Amoxicillin 250mg Capsule,Line-Amoxicillin,50000,94.72,2024-04-09 19:00:00,7.75,Op_Cyrus,0
2024-04-10,PB5108,Cough Syrup 100ml,Line-Cough,100000,93.06,2024-04-10 00:00:00,6.46,Op_Ali,0
2024-04-11,PB5109,Amoxicillin 250mg Capsule,Line-Amoxicillin,200000,95.41,2024-04-11 19:00:00,5.24,Op_Ali,0
2024-04-12,PB5110,Cough Syrup 100ml,Line-Cough,50000,94.33,2024-04-12 21:00:00,7.16,Op_Dina,0
2024-04-12,PB5111,Amoxicillin 250mg Capsule,Line-Amoxicillin,100000,95.02,2024-04-12 01:00:00,3.72,Op_Dina,0
2024-04-13,PB5112,Paracetamol 500mg Tablet,Line-Paracetamol,200000,96.94,2024-04-13 03:00:00,8.29,Op_Dina,0
2024-04-14,PB5113,Cough Syrup 100ml,Line-Cough,100000,93.94,2024-04-14 22:00:00,6.18,Op_Dina,0
2024-04-14,PB5114,Amoxicillin 250mg Capsule,Line-Amoxicillin,50000,94.96,2024-04-14 21:00:00,8.17,Op_Cyrus,1
2024-04-15,PB5115,Amoxicillin 250mg Capsule,Line-Amoxicillin,100000,95.67,2024-04-15 08:00:00,7.24,Op_Basma,0
2024-04-16,PB5116,Paracetamol 500mg Tablet,Line-Paracetamol,200000,97.01,2024-04-16 00:00:00,5.05,Op_Basma,0
2024-04-17,PB5117,Injectable Saline 0.9%,Line-Injectable,200000,95.9,2024-04-17 12:00:00,9.05,Op_Ali,0
2024-04-18,PB5118,Paracetamol 500mg Tablet,Line-Paracetamol,50000,99.34,2024-04-18 09:00:00,9.9,Op_Basma,0
2024-04-19,PB5119,Injectable Saline 0.9%,Line-Injectable,200000,94.61,2024-04-19 21:00:00,6.17,Op_Cyrus,0
2024-04-19,PB5120,Cough Syrup 100ml,Line-Cough,50000,94.03,2024-04-19 14:00:00,6.8,Op_Basma,0
2024-04-20,PB5121,Cough Syrup 100ml,Line-Cough,50000,95.33,2024-04-20 03:00:00,9.08,Op_Basma,0
2024-04-22,PB5122,Cough Syrup 100ml,Line-Cough,50000,96.32,2024-04-22 01:00:00,7.04,Op_Ali,0
2024-04-22,PB5123,Cough Syrup 100ml,Line-Cough,50000,94.24,2024-04-22 17:00:00,5.6,Op_Cyrus,0
2024-04-23,PB5124,Injectable Saline 0.9%,Line-Injectable,50000,93.42,2024-04-23 19:00:00,3.47,Op_Basma,0
2024-04-24,PB5125,Paracetamol 500mg Tablet,Line-Paracetamol,200000,98.94,2024-04-24 23:00:00,10.72,Op_Ali,0
2024-04-26,PB5126,Paracetamol 500mg Tablet,Line-Paracetamol,50000,98.79,2024-04-26 19:00:00,8.86,Op_Cyrus,1
2024-04-27,PB5127,Paracetamol 500mg Tablet,Line-Paracetamol,50000,99.53,2024-04-27 09:00:00,8.7,Op_Ali,0
2024-04-28,PB5128,Cough Syrup 100ml,Line-Cough,100000,96.6,2024-04-28 09:00:00,5.41,Op_Ali,0
2024-04-29,PB5129,Amoxicillin 250mg Capsule,Line-Amoxicillin,50000,94.55,2024-04-29 13:00:00,5.37,Op_Dina,0
2024-04-30,PB5130,Paracetamol 500mg Tablet,Line-Paracetamol,200000,97.66,2024-04-30 04:00:00,9.71,Op_Basma,0
2024-04-30,PB5131,Injectable Saline 0.9%,Line-Injectable,200000,92.85,2024-04-30 09:00:00,5.71,Op_Cyrus,0
2024-05-01,PB5132,Cough Syrup 100ml,Line-Cough,200000,95.69,2024-05-01 12:00:00,1.47,Op_Dina,0
2024-05-05,PB5133,Paracetamol 500mg Tablet,Line-Paracetamol,200000,99.04,2024-05-05 09:00:00,9.7,Op_Dina,1
2024-05-06,PB5134,Paracetamol 500mg Tablet,Line-Paracetamol,200000,97.38,2024-05-06 09:00:00,6.57,Op_Cyrus,0
2024-05-07,PB5135,Amoxicillin 250mg Capsule,Line-Amoxicillin,50000,97.85,2024-05-07 19:00:00,2.24,Op_Basma,0
2024-05-08,PB5136,Cough Syrup 100ml,Line-Cough,100000,95.56,2024-05-08 23:00:00,4.87,Op_Dina,0
2024-05-08,PB5137,Cough Syrup 100ml,Line-Cough,50000,95.13,2024-05-08 14:00:00,8.77,Op_Ali,0
2024-05-09,PB5138,Paracetamol 500mg Tablet,Line-Paracetamol,200000,96.99,2024-05-09 11:00:00,9.78,Op_Ali,0
2024-05-12,PB5139,Injectable Saline 0.9%,Line-Injectable,100000,96.22,2024-05-12 19:00:00,7.0,Op_Ali,0
2024-05-15,PB5140,Amoxicillin 250mg Capsule,Line-Amoxicillin,200000,93.09,2024-05-15 12:00:00,5.34,Op_Ali,0
2024-05-15,PB5141,Cough Syrup 100ml,Line-Cough,100000,95.93,2024-05-15 22:00:00,7.81,Op_Dina,0
2024-05-16,PB5142,Paracetamol 500mg Tablet,Line-Paracetamol,100000,97.75,2024-05-16 22:00:00,6.46,Op_Cyrus,0
2024-05-17,PB5143,Injectable Saline 0.9%,Line-Injectable,200000,95.99,2024-05-17 09:00:00,4.59,Op_Cyrus,0
2024-05-22,PB5144,Injectable Saline 0.9%,Line-Injectable,100000,97.14,2024-05-22 21:00:00,4.74,Op_Basma,0
2024-05-22,PB5145,Amoxicillin 250mg Capsule,Line-Amoxicillin,200000,95.91,2024-05-22 14:00:00,8.23,Op_Basma,0
2024-05-23,PB5146,Amoxicillin 250mg Capsule,Line-Amoxicillin,100000,95.67,2024-05-23 00:00:00,0.68,Op_Dina,0
2024-05-24,PB5147,Amoxicillin 250mg Capsule,Line-Amoxicillin,200000,95.09,2024-05-24 13:00:00,2.69,Op_Ali,0
2024-05-25,PB5148,Cough Syrup 100ml,Line-Cough,200000,94.56,2024-05-25 16:00:00,3.74,Op_Cyrus,0
2024-05-26,PB5149,Injectable Saline 0.9%,Line-Injectable,200000,97.45,2024-05-26 21:00:00,7.7,Op_Dina,0
2024-05-27,PB5150,Injectable Saline 0.9%,Line-Injectable,200000,96.18,2024-05-27 20:00:00,4.05,Op_Cyrus,0
2024-05-28,PB5151,Paracetamol 500mg Tablet,Line-Paracetamol,200000,94.82,2024-05-28 18:00:00,6.23,Op_Basma,0
2024-05-28,PB5152,Paracetamol 500mg Tablet,Line-Paracetamol,50000,98.6,2024-05-28 02:00:00,11.19,Op_Basma,0
2024-05-29,PB5153,Cough Syrup 100ml,Line-Cough,100000,95.71,2024-05-29 11:00:00,6.3,Op_Cyrus,0
2024-05-30,PB5154,Paracetamol 500mg Tablet,Line-Paracetamol,100000,96.54,2024-05-30 06:00:00,8.23,Op_Basma,0
2024-05-31,PB5155,Cough Syrup 100ml,Line-Cough,50000,96.98,2024-05-31 01:00:00,5.98,Op_Cyrus,0
2024-05-31,PB5156,Injectable Saline 0.9%,Line-Injectable,200000,93.43,2024-05-31 10:00:00,6.14,Op_Basma,0
2024-06-01,PB5157,Paracetamol 500mg Tablet,Line-Paracetamol,50000,96.57,2024-06-01 15:00:00,11.0,Op_Cyrus,0
2024-06-02,PB5158,Injectable Saline 0.9%,Line-Injectable,50000,94.68,2024-06-02 11:00:00,4.44,Op_Cyrus,0
2024-06-03,PB5159,Cough Syrup 100ml,Line-Cough,50000,95.16,2024-06-03 07:00:00,7.35,Op_Basma,0
2024-06-03,PB5160,Amoxicillin 250mg Capsule,Line-Amoxicillin,50000,95.04,2024-06-03 23:00:00,8.4,Op_Dina,0
2024-06-05,PB5161,Amoxicillin 250mg Capsule,Line-Amoxicillin,100000,93.06,2024-06-05 15:00:00,9.01,Op_Basma,0
2024-06-08,PB5162,Amoxicillin 250mg Capsule,Line-Amoxicillin,50000,95.86,2024-06-08 15:00:00,2.35,Op_Ali,0
2024-06-09,PB5163,Paracetamol 500mg Tablet,Line-Paracetamol,100000,97.28,2024-06-09 09:00:00,7.52,Op_Basma,0
2024-06-10,PB5164,Amoxicillin 250mg Capsule,Line-Amoxicillin,100000,93.7,2024-06-10 03:00:00,7.34,Op_Basma,0
2024-06-11,PB5165,Amoxicillin 250mg Capsule,Line-Amoxicillin,100000,93.47,2024-06-11 21:00:00,5.9,Op_Cyrus,0
2024-06-12,PB5166,Amoxicillin 250mg Capsule,Line-Amoxicillin,50000,96.1,2024-06-12 04:00:00,1.63,Op_Basma,0
2024-06-12,PB5167,Cough Syrup 100ml,Line-Cough,50000,93.47,2024-06-12 15:00:00,0.97,Op_Ali,0
2024-06-14,PB5168,Cough Syrup 100ml,Line-Cough,100000,94.41,2024-06-14 12:00:00,8.71,Op_Dina,0
2024-06-14,PB5169,Paracetamol 500mg Tablet,Line-Paracetamol,50000,98.02,2024-06-14 23:00:00,8.99,Op_Cyrus,0
2024-06-16,PB5170,Paracetamol 500mg Tablet,Line-Paracetamol,200000,99.24,2024-06-16 16:00:00,4.92,Op_Cyrus,0
2024-06-16,PB5171,Paracetamol 500mg Tablet,Line-Paracetamol,200000,99.71,2024-06-16 07:00:00,6.42,Op_Cyrus,0
2024-06-17,PB5172,Paracetamol 500mg Tablet,Line-Paracetamol,200000,97.2,2024-06-17 03:00:00,10.49,Op_Cyrus,0
2024-06-18,PB5173,Paracetamol 500mg Tablet,Line-Paracetamol,200000,98.64,2024-06-18 12:00:00,9.22,Op_Ali,0
2024-06-19,PB5174,Injectable Saline 0.9%,Line-Injectable,100000,93.69,2024-06-19 00:00:00,3.86,Op_Basma,0
2024-06-19,PB5175,Amoxicillin 250mg Capsule,Line-Amoxicillin,100000,96.85,2024-06-19 01:00:00,7.14,Op_Ali,0
2024-06-21,PB5176,Amoxicillin 250mg Capsule,Line-Amoxicillin,50000,95.07,2024-06-21 23:00:00,3.82,Op_Basma,0
2024-06-22,PB5177,Amoxicillin 250mg Capsule,Line-Amoxicillin,50000,93.08,2024-06-22 09:00:00,5.91,Op_Dina,0
2024-06-23,PB5178,Cough Syrup 100ml,Line-Cough,100000,94.45,2024-06-23 01:00:00,2.6,Op_Cyrus,0
2024-06-24,PB5179,Amoxicillin 250mg Capsule,Line-Amoxicillin,50000,94.64,2024-06-24 18:00:00,2.52,Op_Ali,0
2024-06-25,PB5180,Cough Syrup 100ml,Line-Cough,200000,97.58,2024-06-25 18:00:00,5.65,Op_Dina,0
2024-06-26,PB5181,Injectable Saline 0.9%,Line-Injectable,200000,94.49,2024-06-26 09:00:00,5.56,Op_Cyrus,0
2024-06-27,PB5182,Injectable Saline 0.9%,Line-Injectable,100000,95.59,2024-06-27 20:00:00,8.03,Op_Ali,0
2024-06-29,PB5183,Injectable Saline 0.9%,Line-Injectable,50000,96.85,2024-06-29 11:00:00,2.28,Op_Cyrus,0
2024-06-30,PB5184,Cough Syrup 100ml,Line-Cough,200000,94.05,2024-06-30 05:00:00,6.59,Op_Cyrus,1
2024-07-01,PB5185,Injectable Saline 0.9%,Line-Injectable,50000,95.63,2024-07-01 01:00:00,6.89,Op_Ali,0
2024-07-02,PB5186,Amoxicillin 250mg Capsule,Line-Amoxicillin,100000,97.33,2024-07-02 16:00:00,5.66,Op_Cyrus,0
2024-07-03,PB5187,Amoxicillin 250mg Capsule,Line-Amoxicillin,100000,97.05,2024-07-03 07:00:00,9.34,Op_Basma,0
2024-07-04,PB5188,Amoxicillin 250mg Capsule,Line-Amoxicillin,100000,95.68,2024-07-04 20:00:00,5.33,Op_Cyrus,0
2024-07-05,PB5189,Injectable Saline 0.9%,Line-Injectable,100000,95.71,2024-07-05 13:00:00,2.88,Op_Dina,0
2024-07-05,PB5190,Amoxicillin 250mg Capsule,Line-Amoxicillin,200000,95.7,2024-07-05 17:00:00,5.53,Op_Ali,0
2024-07-06,PB5191,Cough Syrup 100ml,Line-Cough,50000,95.04,2024-07-06 00:00:00,7.22,Op_Basma,0
2024-07-06,PB5192,Amoxicillin 250mg Capsule,Line-Amoxicillin,200000,94.52,2024-07-06 18:00:00,5.77,Op_Cyrus,0
2024-07-08,PB5193,Cough Syrup 100ml,Line-Cough,100000,94.04,2024-07-08 10:00:00,5.0,Op_Ali,0
2024-07-09,PB5194,Amoxicillin 250mg Capsule,Line-Amoxicillin,50000,95.44,2024-07-09 04:00:00,4.67,Op_Ali,0
2024-07-09,PB5195,Cough Syrup 100ml,Line-Cough,200000,92.94,2024-07-09 13:00:00,6.5,Op_Cyrus,0
2024-07-11,PB5196,Injectable Saline 0.9%,Line-Injectable,200000,95.09,2024-07-11 03:00:00,6.73,Op_Basma,0
2024-07-12,PB5197,Paracetamol 500mg Tablet,Line-Paracetamol,50000,98.3,2024-07-12 17:00:00,10.83,Op_Dina,0
2024-07-13,PB5198,Paracetamol 500mg Tablet,Line-Paracetamol,200000,97.18,2024-07-13 02:00:00,4.37,Op_Ali,0
2024-07-14,PB5199,Paracetamol 500mg Tablet,Line-Paracetamol,200000,98.78,2024-07-14 19:00:00,10.52,Op_Ali,0
2024-07-14,PB5200,Paracetamol 500mg Tablet,Line-Paracetamol,50000,98.51,2024-07-14 01:00:00,7.28,Op_Basma,0
2024-07-16,PB5201,Paracetamol 500mg Tablet,Line-Paracetamol,100000,100.5,2024-07-16 18:00:00,5.27,Op_Cyrus,0
2024-07-16,PB5202,Injectable Saline 0.9%,Line-Injectable,100000,94.59,2024-07-16 02:00:00,6.2,Op_Basma,0
2024-07-17,PB5203,Injectable Saline 0.9%,Line-Injectable,200000,93.15,2024-07-17 00:00:00,1.85,Op_Basma,0
2024-07-20,PB5204,Paracetamol 500mg Tablet,Line-Paracetamol,200000,99.06,2024-07-20 07:00:00,7.99,Op_Ali,0
2024-07-21,PB5205,Paracetamol 500mg Tablet,Line-Paracetamol,100000,100.16,2024-07-21 08:00:00,5.26,Op_Cyrus,0
2024-07-22,PB5206,Cough Syrup 100ml,Line-Cough,100000,94.99,2024-07-22 15:00:00,5.87,Op_Ali,0
2024-07-22,PB5207,Cough Syrup 100ml,Line-Cough,100000,93.53,2024-07-22 12:00:00,6.29,Op_Ali,0
2024-07-23,PB5208,Amoxicillin 250mg Capsule,Line-Amoxicillin,200000,95.88,2024-07-23 16:00:00,8.23,Op_Ali,0
2024-07-24,PB5209,Cough Syrup 100ml,Line-Cough,200000,96.22,2024-07-24 03:00:00,6.4,Op_Ali,0
2024-07-25,PB5210,Paracetamol 500mg Tablet,Line-Paracetamol,100000,99.0,2024-07-25 21:00:00,8.62,Op_Dina,0
2024-07-25,PB5211,Paracetamol 500mg Tablet,Line-Paracetamol,200000,99.23,2024-07-25 08:00:00,8.37,Op_Dina,0
2024-07-26,PB5212,Paracetamol 500mg Tablet,Line-Paracetamol,200000,94.97,2024-07-26 16:00:00,8.78,Op_Ali,0
2024-07-28,PB5213,Amoxicillin 250mg Capsule,Line-Amoxicillin,50000,93.88,2024-07-28 13:00:00,7.6,Op_Ali,0
2024-07-29,PB5214,Cough Syrup 100ml,Line-Cough,50000,93.94,2024-07-29 16:00:00,4.5,Op_Basma,0
2024-07-30,PB5215,Injectable Saline 0.9%,Line-Injectable,50000,95.82,2024-07-30 21:00:00,6.76,Op_Basma,0
2024-07-31,PB5216,Paracetamol 500mg Tablet,Line-Paracetamol,50000,98.32,2024-07-31 22:00:00,6.86,Op_Dina,0
2024-08-03,PB5217,Amoxicillin 250mg Capsule,Line-Amoxicillin,100000,94.4,2024-08-03 21:00:00,4.65,Op_Ali,0
2024-08-03,PB5218,Cough Syrup 100ml,Line-Cough,200000,92.17,2024-08-03 04:00:00,5.22,Op_Cyrus,0
2024-08-04,PB5219,Cough Syrup 100ml,Line-Cough,100000,95.02,2024-08-04 01:00:00,3.67,Op_Cyrus,0
2024-08-05,PB5220,Injectable Saline 0.9%,Line-Injectable,50000,94.56,2024-08-05 00:00:00,6.24,Op_Basma,0
2024-08-06,PB5221,Amoxicillin 250mg Capsule,Line-Amoxicillin,200000,93.14,2024-08-06 22:00:00,3.02,Op_Basma,0
2024-08-07,PB5222,Amoxicillin 250mg Capsule,Line-Amoxicillin,200000,96.41,2024-08-07 15:00:00,5.93,Op_Basma,0
2024-08-08,PB5223,Injectable Saline 0.9%,Line-Injectable,50000,95.74,2024-08-08 22:00:00,9.87,Op_Dina,0
2024-08-09,PB5224,Amoxicillin 250mg Capsule,Line-Amoxicillin,200000,94.68,2024-08-09 19:00:00,2.25,Op_Ali,0
2024-08-10,PB5225,Amoxicillin 250mg Capsule,Line-Amoxicillin,200000,94.86,2024-08-10 05:00:00,4.73,Op_Ali,0
2024-08-11,PB5226,Amoxicillin 250mg Capsule,Line-Amoxicillin,50000,94.69,2024-08-11 12:00:00,3.48,Op_Cyrus,0
2024-08-11,PB5227,Amoxicillin 250mg Capsule,Line-Amoxicillin,200000,94.32,2024-08-11 19:00:00,8.18,Op_Dina,0
2024-08-12,PB5228,Cough Syrup 100ml,Line-Cough,50000,94.81,2024-08-12 18:00:00,4.69,Op_Cyrus,0
2024-08-13,PB5229,Paracetamol 500mg Tablet,Line-Paracetamol,100000,98.74,2024-08-13 06:00:00,10.19,Op_Basma,0
2024-08-14,PB5230,Paracetamol 500mg Tablet,Line-Paracetamol,50000,98.83,2024-08-14 15:00:00,11.76,Op_Cyrus,0
2024-08-15,PB5231,Cough Syrup 100ml,Line-Cough,100000,94.09,2024-08-15 05:00:00,7.09,Op_Cyrus,0
2024-08-16,PB5232,Injectable Saline 0.9%,Line-Injectable,50000,92.82,2024-08-16 13:00:00,5.93,Op_Ali,0
2024-08-17,PB5233,Injectable Saline 0.9%,Line-Injectable,50000,95.43,2024-08-17 15:00:00,3.3,Op_Basma,0
2024-08-18,PB5234,Amoxicillin 250mg Capsule,Line-Amoxicillin,100000,94.68,2024-08-18 20:00:00,6.61,Op_Cyrus,0
2024-08-19,PB5235,Amoxicillin 250mg Capsule,Line-Amoxicillin,50000,92.95,2024-08-19 09:00:00,9.13,Op_Basma,0
2024-08-19,PB5236,Amoxicillin 250mg Capsule,Line-Amoxicillin,50000,96.11,2024-08-19 11:00:00,6.54,Op_Cyrus,1
2024-08-21,PB5237,Paracetamol 500mg Tablet,Line-Paracetamol,200000,97.49,2024-08-21 06:00:00,7.66,Op_Basma,0
2024-08-21,PB5238,Cough Syrup 100ml,Line-Cough,50000,93.74,2024-08-21 15:00:00,6.61,Op_Ali,0
2024-08-22,PB5239,Cough Syrup 100ml,Line-Cough,100000,95.18,2024-08-22 07:00:00,9.2,Op_Ali,0
2024-08-24,PB5240,Cough Syrup 100ml,Line-Cough,200000,93.05,2024-08-24 12:00:00,3.36,Op_Dina,0
2024-08-26,PB5241,Cough Syrup 100ml,Line-Cough,100000,94.62,2024-08-26 02:00:00,10.52,Op_Dina,0
2024-08-26,PB5242,Injectable Saline 0.9%,Line-Injectable,100000,94.09,2024-08-26 02:00:00,3.79,Op_Dina,0
2024-08-28,PB5243,Cough Syrup 100ml,Line-Cough,100000,95.66,2024-08-28 21:00:00,7.15,Op_Basma,0
2024-08-29,PB5244,Cough Syrup 100ml,Line-Cough,50000,96.88,2024-08-29 11:00:00,8.32,Op_Cyrus,0
2024-08-30,PB5245,Injectable Saline 0.9%,Line-Injectable,100000,94.18,2024-08-30 09:00:00,6.26,Op_Dina,1
2024-09-05,PB5246,Injectable Saline 0.9%,Line-Injectable,100000,95.07,2024-09-05 06:00:00,7.71,Op_Dina,0
2024-09-06,PB5247,Paracetamol 500mg Tablet,Line-Paracetamol,100000,100.7,2024-09-06 17:00:00,7.45,Op_Dina,0
2024-09-06,PB5248,Amoxicillin 250mg Capsule,Line-Amoxicillin,50000,95.34,2024-09-06 06:00:00,5.75,Op_Dina,0
2024-09-07,PB5249,Injectable Saline 0.9%,Line-Injectable,50000,93.78,2024-09-07 02:00:00,3.82,Op_Dina,0
2024-09-08,PB5250,Amoxicillin 250mg Capsule,Line-Amoxicillin,50000,96.87,2024-09-08 03:00:00,2.64,Op_Ali,0
2024-09-08,PB5251,Cough Syrup 100ml,Line-Cough,50000,96.86,2024-09-08 12:00:00,4.33,Op_Cyrus,0
2024-09-10,PB5252,Injectable Saline 0.9%,Line-Injectable,50000,94.46,2024-09-10 09:00:00,6.16,Op_Cyrus,0
2024-09-11,PB5253,Paracetamol 500mg Tablet,Line-Paracetamol,100000,98.14,2024-09-11 03:00:00,11.66,Op_Ali,0
2024-09-12,PB5254,Amoxicillin 250mg Capsule,Line-Amoxicillin,200000,96.1,2024-09-12 17:00:00,5.1,Op_Ali,0
2024-09-13,PB5255,Amoxicillin 250mg Capsule,Line-Amoxicillin,100000,94.56,2024-09-13 11:00:00,5.05,Op_Cyrus,0
2024-09-15,PB5256,Cough Syrup 100ml,Line-Cough,200000,93.34,2024-09-15 16:00:00,4.49,Op_Basma,0
2024-09-15,PB5257,Cough Syrup 100ml,Line-Cough,200000,93.9,2024-09-15 16:00:00,6.33,Op_Dina,0
2024-09-17,PB5258,Paracetamol 500mg Tablet,Line-Paracetamol,50000,98.84,2024-09-17 08:00:00,7.49,Op_Dina,0
2024-09-18,PB5259,Paracetamol 500mg Tablet,Line-Paracetamol,200000,97.64,2024-09-18 14:00:00,6.28,Op_Ali,0
2024-09-19,PB5260,Injectable Saline 0.9%,Line-Injectable,50000,94.47,2024-09-19 06:00:00,7.22,Op_Dina,0
2024-09-19,PB5261,Amoxicillin 250mg Capsule,Line-Amoxicillin,200000,94.33,2024-09-19 11:00:00,7.29,Op_Ali,0
2024-09-20,PB5262,Injectable Saline 0.9%,Line-Injectable,50000,96.57,2024-09-20 11:00:00,6.94,Op_Ali,0
2024-09-20,PB5263,Cough Syrup 100ml,Line-Cough,200000,94.31,2024-09-20 18:00:00,3.72,Op_Cyrus,0
2024-09-22,PB5264,Paracetamol 500mg Tablet,Line-Paracetamol,200000,97.66,2024-09-22 21:00:00,9.47,Op_Cyrus,0
2024-09-24,PB5265,Amoxicillin 250mg Capsule,Line-Amoxicillin,50000,92.02,2024-09-24 10:00:00,4.61,Op_Ali,0
2024-09-24,PB5266,Paracetamol 500mg Tablet,Line-Paracetamol,50000,98.8,2024-09-24 06:00:00,4.95,Op_Dina,0
2024-09-26,PB5267,Paracetamol 500mg Tablet,Line-Paracetamol,50000,99.3,2024-09-26 17:00:00,7.34,Op_Cyrus,0
2024-09-27,PB5268,Amoxicillin 250mg Capsule,Line-Amoxicillin,50000,94.46,2024-09-27 19:00:00,4.14,Op_Cyrus,0
2024-09-28,PB5269,Cough Syrup 100ml,Line-Cough,100000,95.42,2024-09-28 07:00:00,5.03,Op_Ali,0
2024-09-29,PB5270,Injectable Saline 0.9%,Line-Injectable,50000,93.82,2024-09-29 12:00:00,5.18,Op_Dina,0
2024-09-30,PB5271,Injectable Saline 0.9%,Line-Injectable,50000,95.19,2024-09-30 11:00:00,2.37,Op_Cyrus,0
2024-10-01,PB5272,Cough Syrup 100ml,Line-Cough,50000,94.79,2024-10-01 11:00:00,7.07,Op_Basma,1
2024-10-02,PB5273,Amoxicillin 250mg Capsule,Line-Amoxicillin,50000,94.88,2024-10-02 21:00:00,7.53,Op_Dina,0
2024-10-02,PB5274,Amoxicillin 250mg Capsule,Line-Amoxicillin,200000,95.36,2024-10-02 14:00:00,6.49,Op_Dina,0
2024-10-03,PB5275,Cough Syrup 100ml,Line-Cough,50000,94.72,2024-10-03 13:00:00,6.96,Op_Cyrus,0
2024-10-04,PB5276,Amoxicillin 250mg Capsule,Line-Amoxicillin,50000,94.88,2024-10-04 05:00:00,7.53,Op_Dina,0
2024-10-06,PB5277,Paracetamol 500mg Tablet,Line-Paracetamol,100000,99.09,2024-10-06 13:00:00,9.54,Op_Cyrus,0
2024-10-07,PB5278,Injectable Saline 0.9%,Line-Injectable,50000,95.17,2024-10-07 08:00:00,5.39,Op_Basma,0
2024-10-08,PB5279,Cough Syrup 100ml,Line-Cough,200000,95.01,2024-10-08 21:00:00,5.55,Op_Dina,1
2024-10-09,PB5280,Amoxicillin 250mg Capsule,Line-Amoxicillin,100000,95.47,2024-10-09 02:00:00,5.07,Op_Cyrus,0
2024-10-10,PB5281,Paracetamol 500mg Tablet,Line-Paracetamol,200000,98.67,2024-10-10 15:00:00,6.99,Op_Ali,0
2024-10-11,PB5282,Injectable Saline 0.9%,Line-Injectable,50000,94.49,2024-10-11 12:00:00,7.71,Op_Ali,0
2024-10-12,PB5283,Cough Syrup 100ml,Line-Cough,200000,96.08,2024-10-12 21:00:00,6.05,Op_Cyrus,1
2024-10-13,PB5284,Amoxicillin 250mg Capsule,Line-Amoxicillin,50000,96.76,2024-10-13 04:00:00,7.78,Op_Basma,0
2024-10-14,PB5285,Cough Syrup 100ml,Line-Cough,100000,95.25,2024-10-14 21:00:00,4.46,Op_Dina,0
2024-10-14,PB5286,Injectable Saline 0.9%,Line-Injectable,200000,94.62,2024-10-14 13:00:00,4.11,Op_Dina,0
2024-10-15,PB5287,Injectable Saline 0.9%,Line-Injectable,50000,94.21,2024-10-15 03:00:00,8.6,Op_Cyrus,0
2024-10-16,PB5288,Injectable Saline 0.9%,Line-Injectable,50000,95.27,2024-10-16 18:00:00,3.93,Op_Basma,0
2024-10-16,PB5289,Amoxicillin 250mg Capsule,Line-Amoxicillin,100000,94.97,2024-10-16 04:00:00,2.88,Op_Dina,0
2024-10-17,PB5290,Cough Syrup 100ml,Line-Cough,200000,93.6,2024-10-17 03:00:00,5.1,Op_Cyrus,0
2024-10-18,PB5291,Amoxicillin 250mg Capsule,Line-Amoxicillin,200000,95.68,2024-10-18 20:00:00,1.45,Op_Basma,0
2024-10-19,PB5292,Cough Syrup 100ml,Line-Cough,50000,93.06,2024-10-19 15:00:00,6.98,Op_Cyrus,0
2024-10-20,PB5293,Amoxicillin 250mg Capsule,Line-Amoxicillin,100000,95.94,2024-10-20 06:00:00,7.8,Op_Dina,0
2024-10-21,PB5294,Paracetamol 500mg Tablet,Line-Paracetamol,200000,100.2,2024-10-21 12:00:00,9.88,Op_Cyrus,0
2024-10-22,PB5295,Injectable Saline 0.9%,Line-Injectable,200000,96.84,2024-10-22 14:00:00,4.99,Op_Dina,0
2024-10-23,PB5296,Cough Syrup 100ml,Line-Cough,100000,94.59,2024-10-23 15:00:00,6.75,Op_Cyrus,0
2024-10-25,PB5297,Paracetamol 500mg Tablet,Line-Paracetamol,100000,99.29,2024-10-25 23:00:00,7.42,Op_Ali,0
2024-10-26,PB5298,Injectable Saline 0.9%,Line-Injectable,50000,94.48,2024-10-26 03:00:00,8.57,Op_Dina,0
2024-10-27,PB5299,Injectable Saline 0.9%,Line-Injectable,50000,94.02,2024-10-27 14:00:00,6.03,Op_Cyrus,0
2024-10-28,PB5300,Paracetamol 500mg Tablet,Line-Paracetamol,200000,97.88,2024-10-28 00:00:00,9.84,Op_Basma,0
2024-10-29,PB5301,Injectable Saline 0.9%,Line-Injectable,200000,94.92,2024-10-29 11:00:00,4.25,Op_Ali,0
2024-10-30,PB5302,Cough Syrup 100ml,Line-Cough,50000,94.16,2024-10-30 05:00:00,4.52,Op_Basma,0
2024-11-02,PB5303,Injectable Saline 0.9%,Line-Injectable,100000,97.78,2024-11-02 17:00:00,6.29,Op_Ali,0
2024-11-04,PB5304,Cough Syrup 100ml,Line-Cough,50000,94.89,2024-11-04 20:00:00,8.36,Op_Cyrus,0
2024-11-04,PB5305,Paracetamol 500mg Tablet,Line-Paracetamol,50000,99.62,2024-11-04 20:00:00,4.68,Op_Basma,0
2024-11-06,PB5306,Paracetamol 500mg Tablet,Line-Paracetamol,100000,99.19,2024-11-06 13:00:00,8.28,Op_Ali,0
2024-11-07,PB5307,Amoxicillin 250mg Capsule,Line-Amoxicillin,50000,96.94,2024-11-07 05:00:00,6.18,Op_Dina,0
2024-11-08,PB5308,Amoxicillin 250mg Capsule,Line-Amoxicillin,100000,96.01,2024-11-08 11:00:00,7.42,Op_Ali,0
2024-11-08,PB5309,Cough Syrup 100ml,Line-Cough,50000,94.39,2024-11-08 04:00:00,6.54,Op_Ali,0
2024-11-09,PB5310,Amoxicillin 250mg Capsule,Line-Amoxicillin,200000,96.35,2024-11-09 22:00:00,4.17,Op_Cyrus,0
2024-11-09,PB5311,Paracetamol 500mg Tablet,Line-Paracetamol,100000,97.91,2024-11-09 01:00:00,3.92,Op_Basma,0
2024-11-10,PB5312,Injectable Saline 0.9%,Line-Injectable,100000,94.78,2024-11-10 03:00:00,7.89,Op_Basma,0
2024-11-11,PB5313,Cough Syrup 100ml,Line-Cough,50000,94.55,2024-11-11 22:00:00,9.54,Op_Cyrus,0
2024-11-12,PB5314,Cough Syrup 100ml,Line-Cough,100000,95.49,2024-11-12 18:00:00,4.78,Op_Ali,0
2024-11-12,PB5315,Cough Syrup 100ml,Line-Cough,100000,95.74,2024-11-12 15:00:00,3.93,Op_Basma,0
2024-11-14,PB5316,Paracetamol 500mg Tablet,Line-Paracetamol,200000,100.43,2024-11-14 05:00:00,5.48,Op_Ali,0
2024-11-15,PB5317,Injectable Saline 0.9%,Line-Injectable,100000,95.54,2024-11-15 02:00:00,8.8,Op_Ali,0
2024-11-18,PB5318,Cough Syrup 100ml,Line-Cough,100000,96.57,2024-11-18 16:00:00,3.01,Op_Dina,0
2024-11-19,PB5319,Injectable Saline 0.9%,Line-Injectable,200000,94.69,2024-11-19 03:00:00,6.87,Op_Ali,0
2024-11-19,PB5320,Cough Syrup 100ml,Line-Cough,100000,93.93,2024-11-19 13:00:00,7.83,Op_Basma,0
2024-11-20,PB5321,Paracetamol 500mg Tablet,Line-Paracetamol,200000,98.17,2024-11-20 13:00:00,6.93,Op_Ali,0
2024-11-20,PB5322,Amoxicillin 250mg Capsule,Line-Amoxicillin,200000,94.02,2024-11-20 15:00:00,2.49,Op_Cyrus,0
2024-11-21,PB5323,Paracetamol 500mg Tablet,Line-Paracetamol,200000,97.77,2024-11-21 15:00:00,6.73,Op_Cyrus,0
2024-11-22,PB5324,Injectable Saline 0.9%,Line-Injectable,100000,93.41,2024-11-22 23:00:00,7.12,Op_Cyrus,0
2024-11-23,PB5325,Injectable Saline 0.9%,Line-Injectable,200000,94.02,2024-11-23 14:00:00,9.95,Op_Cyrus,0
2024-11-24,PB5326,Amoxicillin 250mg Capsule,Line-Amoxicillin,100000,93.04,2024-11-24 00:00:00,5.45,Op_Ali,0
2024-11-25,PB5327,Cough Syrup 100ml,Line-Cough,100000,95.51,2024-11-25 14:00:00,5.46,Op_Basma,0
2024-11-25,PB5328,Paracetamol 500mg Tablet,Line-Paracetamol,100000,98.71,2024-11-25 12:00:00,7.6,Op_Basma,0
2024-11-28,PB5329,Paracetamol 500mg Tablet,Line-Paracetamol,200000,97.2,2024-11-28 18:00:00,5.84,Op_Dina,0
2024-11-29,PB5330,Amoxicillin 250mg Capsule,Line-Amoxicillin,50000,96.31,2024-11-29 02:00:00,4.82,Op_Cyrus,0
2024-11-30,PB5331,Amoxicillin 250mg Capsule,Line-Amoxicillin,200000,96.13,2024-11-30 19:00:00,8.16,Op_Cyrus,0
2024-12-01,PB5332,Injectable Saline 0.9%,Line-Injectable,50000,94.18,2024-12-01 19:00:00,7.93,Op_Ali,0
2024-12-02,PB5333,Amoxicillin 250mg Capsule,Line-Amoxicillin,200000,95.5,2024-12-02 04:00:00,6.18,Op_Cyrus,0
2024-12-04,PB5334,Cough Syrup 100ml,Line-Cough,200000,96.16,2024-12-04 18:00:00,7.32,Op_Cyrus,0
2024-12-05,PB5335,Cough Syrup 100ml,Line-Cough,200000,95.88,2024-12-05 02:00:00,5.37,Op_Basma,1
2024-12-06,PB5336,Cough Syrup 100ml,Line-Cough,50000,93.62,2024-12-06 01:00:00,5.84,Op_Dina,0
2024-12-07,PB5337,Paracetamol 500mg Tablet,Line-Paracetamol,50000,97.25,2024-12-07 04:00:00,6.09,Op_Dina,0
2024-12-08,PB5338,Injectable Saline 0.9%,Line-Injectable,100000,95.19,2024-12-08 02:00:00,4.26,Op_Dina,0
2024-12-09,PB5339,Amoxicillin 250mg Capsule,Line-Amoxicillin,50000,94.42,2024-12-09 01:00:00,5.7,Op_Basma,1
2024-12-11,PB5340,Amoxicillin 250mg Capsule,Line-Amoxicillin,200000,96.11,2024-12-11 10:00:00,9.75,Op_Basma,0
2024-12-12,PB5341,Amoxicillin 250mg Capsule,Line-Amoxicillin,100000,94.54,2024-12-12 17:00:00,7.79,Op_Basma,0
2024-12-13,PB5342,Cough Syrup 100ml,Line-Cough,50000,94.21,2024-12-13 05:00:00,6.86,Op_Basma,0
2024-12-13,PB5343,Injectable Saline 0.9%,Line-Injectable,200000,93.63,2024-12-13 11:00:00,6.55,Op_Ali,0
2024-12-15,PB5344,Paracetamol 500mg Tablet,Line-Paracetamol,100000,101.05,2024-12-15 11:00:00,7.16,Op_Basma,0
2024-12-15,PB5345,Paracetamol 500mg Tablet,Line-Paracetamol,50000,98.56,2024-12-15 04:00:00,7.73,Op_Basma,0
2024-12-16,PB5346,Injectable Saline 0.9%,Line-Injectable,200000,93.66,2024-12-16 13:00:00,7.77,Op_Cyrus,0
2024-12-17,PB5347,Injectable Saline 0.9%,Line-Injectable,50000,93.99,2024-12-17 14:00:00,7.8,Op_Cyrus,0
2024-12-17,PB5348,Amoxicillin 250mg Capsule,Line-Amoxicillin,50000,94.84,2024-12-17 13:00:00,8.98,Op_Ali,0
2024-12-18,PB5349,Amoxicillin 250mg Capsule,Line-Amoxicillin,50000,94.98,2024-12-18 19:00:00,3.86,Op_Ali,0
2024-12-19,PB5350,Cough Syrup 100ml,Line-Cough,200000,94.52,2024-12-19 19:00:00,7.55,Op_Ali,0
2024-12-20,PB5351,Cough Syrup 100ml,Line-Cough,200000,95.63,2024-12-20 17:00:00,3.81,Op_Dina,0
2024-12-21,PB5352,Cough Syrup 100ml,Line-Cough,200000,94.75,2024-12-21 10:00:00,3.83,Op_Dina,0
2024-12-22,PB5353,Cough Syrup 100ml,Line-Cough,50000,94.59,2024-12-22 17:00:00,7.87,Op_Basma,0
2024-12-22,PB5354,Paracetamol 500mg Tablet,Line-Paracetamol,50000,98.78,2024-12-22 04:00:00,9.02,Op_Dina,1
2024-12-24,PB5355,Injectable Saline 0.9%,Line-Injectable,100000,94.31,2024-12-24 02:00:00,4.71,Op_Basma,0
2024-12-24,PB5356,Injectable Saline 0.9%,Line-Injectable,200000,93.38,2024-12-24 12:00:00,3.61,Op_Cyrus,0
2024-12-25,PB5357,Cough Syrup 100ml,Line-Cough,200000,96.15,2024-12-25 21:00:00,4.68,Op_Basma,0
2024-12-26,PB5358,Amoxicillin 250mg Capsule,Line-Amoxicillin,200000,96.39,2024-12-26 19:00:00,5.87,Op_Cyrus,0
2024-12-26,PB5359,Amoxicillin 250mg Capsule,Line-Amoxicillin,50000,96.78,2024-12-26 10:00:00,4.84,Op_Cyrus,0
2024-12-27,PB5360,Cough Syrup 100ml,Line-Cough,50000,93.36,2024-12-27 21:00:00,2.83,Op_Basma,0
2024-12-28,PB5361,Paracetamol 500mg Tablet,Line-Paracetamol,200000,96.61,2024-12-28 15:00:00,6.14,Op_Cyrus,0
2024-12-28,PB5362,Cough Syrup 100ml,Line-Cough,100000,96.06,2024-12-28 12:00:00,5.82,Op_Basma,0
2024-12-29,PB5363,Injectable Saline 0.9%,Line-Injectable,50000,94.36,2024-12-29 06:00:00,5.32,Op_Cyrus,0
