pv_id,report_date,product,adverse_event,severity,outcome,related_batch,reported_by
PV8001,2024-02-11,Injectable Saline 0.9%,Fever,Moderate,Recovered,PB5116,Patient_C
PV8002,2024-06-12,Amoxicillin 250mg Capsule,Rash,Severe,Hospitalized,PB5017,Patient_C
PV8003,2024-08-18,Cough Syrup 100ml,Rash,Severe,Under Treatment,PB5279,Patient_C
PV8004,2024-09-04,Paracetamol 500mg Tablet,Headache,Moderate,Under Treatment,PB5155,Patient_C
PV8005,2024-03-26,Injectable Saline 0.9%,Injection site pain,Severe,Recovered,PB5021,Clinic_B
PV8006,2024-05-02,Amoxicillin 250mg Capsule,Headache,Severe,Recovered,PB5230,Clinic_B
PV8007,2024-10-31,Cough Syrup 100ml,Rash,Moderate,Recovered,PB5352,Patient_C
PV8008,2024-03-27,Cough Syrup 100ml,Rash,Moderate,Recovered,PB5171,Clinic_B
PV8009,2024-03-03,Paracetamol 500mg Tablet,Injection site pain,Moderate,Hospitalized,PB5252,Clinic_B
PV8010,2024-02-06,Paracetamol 500mg Tablet,Rash,Severe,Hospitalized,PB5104,Clinic_B
PV8011,2024-07-30,Cough Syrup 100ml,Rash,Moderate,Under Treatment,PB5294,Clinic_B
PV8012,2024-04-28,Paracetamol 500mg Tablet,Fever,Mild,Hospitalized,PB5117,Hospital_A
PV8013,2024-07-03,Paracetamol 500mg Tablet,Headache,Severe,Hospitalized,PB5139,Clinic_B
PV8014,2024-09-23,Injectable Saline 0.9%,Injection site pain,Moderate,Recovered,PB5267,Clinic_B
PV8015,2024-11-12,Paracetamol 500mg Tablet,Rash,Severe,Recovered,PB5332,Patient_C
PV8016,2024-01-04,Paracetamol 500mg Tablet,Headache,Severe,Recovered,PB5192,Patient_C
PV8017,2024-08-30,Cough Syrup 100ml,Fever,Moderate,Hospitalized,PB5006,Clinic_B
PV8018,2024-08-15,Injectable Saline 0.9%,Rash,Mild,Under Treatment,PB5083,Hospital_A
PV8019,2024-05-26,Injectable Saline 0.9%,Headache,Mild,Recovered,PB5319,Clinic_B
PV8020,2024-06-29,Paracetamol 500mg Tablet,Nausea,Mild,Recovered,PB5200,Clinic_B
PV8021,2024-03-08,Paracetamol 500mg Tablet,Injection site pain,Severe,Hospitalized,PB5283,Patient_C
PV8022,2024-04-11,Amoxicillin 250mg Capsule,Nausea,Severe,Recovered,PB5098,Patient_C
PV8023,2024-12-29,Paracetamol 500mg Tablet,Rash,Moderate,Under Treatment,PB5142,Patient_C
PV8024,2024-02-11,Injectable Saline 0.9%,Injection site pain,Severe,Under Treatment,PB5227,Hospital_A
PV8025,2024-04-24,Amoxicillin 250mg Capsule,Injection site pain,Mild,Under Treatment,PB5036,Clinic_B
PV8026,2024-02-11,Cough Syrup 100ml,Rash,Mild,Recovered,PB5261,Hospital_A
PV8027,2024-11-08,Cough Syrup 100ml,Headache,Severe,Under Treatment,PB5066,Hospital_A
PV8028,2024-03-11,Amoxicillin 250mg Capsule,Rash,Mild,Recovered,PB5212,Hospital_A
PV8029,2024-11-02,Paracetamol 500mg Tablet,Injection site pain,Severe,Hospitalized,PB5285,Clinic_B
PV8030,2024-12-28,Paracetamol 500mg Tablet,Injection site pain,Moderate,Recovered,PB5206,Hospital_A
PV8031,2024-08-08,Cough Syrup 100ml,Nausea,Severe,Recovered,PB5076,Patient_C
PV8032,2024-03-28,Injectable Saline 0.9%,Fever,Severe,Recovered,PB5175,Hospital_A
PV8033,2024-07-13,Cough Syrup 100ml,Nausea,Severe,Recovered,PB5265,Clinic_B
PV8034,2024-09-02,Paracetamol 500mg Tablet,Rash,Severe,Hospitalized,PB5352,Hospital_A
PV8035,2024-10-09,Injectable Saline 0.9%,Headache,Severe,Recovered,PB5301,Hospital_A
PV8036,2024-01-10,Injectable Saline 0.9%,Headache,Severe,Under Treatment,PB5172,Hospital_A
PV8037,2024-03-31,Paracetamol 500mg Tablet,Injection site pain,Severe,Hospitalized,PB5251,Patient_C
PV8038,2024-01-03,Cough Syrup 100ml,Rash,Moderate,Recovered,PB5279,Clinic_B
PV8039,2024-10-31,Injectable Saline 0.9%,Rash,Moderate,Under Treatment,PB5107,Clinic_B
PV8040,2024-05-14,Injectable Saline 0.9%,Injection site pain,Mild,Under Treatment,PB5021,Patient_C
PV8041,2024-09-27,Injectable Saline 0.9%,Nausea,Mild,Hospitalized,PB5296,Hospital_A
PV8042,2024-09-09,Injectable Saline 0.9%,Headache,Severe,Hospitalized,PB5089,Hospital_A
PV8043,2024-12-17,Injectable Saline 0.9%,Headache,Moderate,Under Treatment,PB5121,Patient_C
PV8044,2024-07-26,Amoxicillin 250mg Capsule,Fever,Moderate,Under Treatment,PB5135,Clinic_B
PV8045,2024-11-27,Injectable Saline 0.9%,Rash,Moderate,Under Treatment,PB5362,Clinic_B
PV8046,2024-02-02,Amoxicillin 250mg Capsule,Injection site pain,Moderate,Under Treatment,PB5270,Clinic_B
PV8047,2024-06-10,Paracetamol 500mg Tablet,Nausea,Mild,Hospitalized,PB5324,Hospital_A
PV8048,2024-08-19,Paracetamol 500mg Tablet,Injection site pain,Mild,Hospitalized,PB5225,Clinic_B
PV8049,2024-10-09,Cough Syrup 100ml,Fever,Mild,Hospitalized,PB5011,Clinic_B
PV8050,2024-01-06,Injectable Saline 0.9%,Injection site pain,Moderate,Under Treatment,PB5090,Hospital_A
PV8051,2024-06-01,Cough Syrup 100ml,Rash,Severe,Under Treatment,PB5306,Patient_C
PV8052,2024-04-25,Amoxicillin 250mg Capsule,Injection site pain,Mild,Under Treatment,PB5112,Patient_C
PV8053,2024-12-23,Paracetamol 500mg Tablet,Fever,Moderate,Recovered,PB5108,Patient_C
PV8054,2024-02-20,Cough Syrup 100ml,Injection site pain,Moderate,Hospitalized,PB5006,Clinic_B
PV8055,2024-06-09,Amoxicillin 250mg Capsule,Headache,Severe,Under Treatment,PB5126,Clinic_B
PV8056,2024-04-17,Cough Syrup 100ml,Injection site pain,Moderate,Under Treatment,PB5346,Patient_C
PV8057,2024-09-19,Injectable Saline 0.9%,Headache,Mild,Recovered,PB5191,Clinic_B
PV8058,2024-12-15,Paracetamol 500mg Tablet,Injection site pain,Mild,Hospitalized,PB5209,Patient_C
PV8059,2024-06-10,Amoxicillin 250mg Capsule,Fever,Severe,Under Treatment,PB5204,Clinic_B
PV8060,2024-07-27,Injectable Saline 0.9%,Fever,Moderate,Recovered,PB5192,Clinic_B
PV8061,2024-08-09,Amoxicillin 250mg Capsule,Rash,Mild,Under Treatment,PB5119,Patient_C
PV8062,2024-11-05,Paracetamol 500mg Tablet,Fever,Mild,Under Treatment,PB5239,Hospital_A
PV8063,2024-07-31,Cough Syrup 100ml,Rash,Mild,Hospitalized,PB5043,Patient_C
PV8064,2024-06-07,Paracetamol 500mg Tablet,Rash,Severe,Under Treatment,PB5087,Patient_C
PV8065,2024-01-10,Injectable Saline 0.9%,Rash,Mild,Hospitalized,PB5323,Hospital_A
PV8066,2024-04-12,Amoxicillin 250mg Capsule,Injection site pain,Mild,Hospitalized,PB5239,Hospital_A
PV8067,2024-05-29,Paracetamol 500mg Tablet,Headache,Severe,Recovered,PB5070,Hospital_A
PV8068,2024-09-22,Cough Syrup 100ml,Injection site pain,Mild,Under Treatment,PB5113,Hospital_A
PV8069,2024-09-22,Cough Syrup 100ml,Headache,Moderate,Hospitalized,PB5282,Patient_C
PV8070,2024-05-14,Paracetamol 500mg Tablet,Nausea,Mild,Under Treatment,PB5018,Clinic_B
PV8071,2024-04-29,Amoxicillin 250mg Capsule,Injection site pain,Mild,Hospitalized,PB5340,Clinic_B
PV8072,2024-03-07,Cough Syrup 100ml,Headache,Mild,Under Treatment,PB5347,Hospital_A
PV8073,2024-12-20,Cough Syrup 100ml,Injection site pain,Moderate,Recovered,PB5312,Hospital_A
PV8074,2024-01-12,Amoxicillin 250mg Capsule,Injection site pain,Mild,Hospitalized,PB5011,Patient_C
PV8075,2024-02-19,Paracetamol 500mg Tablet,Nausea,Severe,Hospitalized,PB5036,Clinic_B
PV8076,2024-06-24,Cough Syrup 100ml,Nausea,Moderate,Under Treatment,PB5287,Clinic_B
PV8077,2024-04-28,Cough Syrup 100ml,Injection site pain,Mild,Under Treatment,PB5096,Clinic_B
PV8078,2024-06-21,Cough Syrup 100ml,Nausea,Mild,Hospitalized,PB5073,Clinic_B
PV8079,2024-05-27,Cough Syrup 100ml,Nausea,Severe,Recovered,PB5105,Hospital_A
PV8080,2024-11-15,Injectable Saline 0.9%,Injection site pain,Mild,Recovered,PB5200,Patient_C
PV8081,2024-11-12,Cough Syrup 100ml,Injection site pain,Severe,Under Treatment,PB5267,Patient_C
PV8082,2024-09-23,Cough Syrup 100ml,Fever,Moderate,Hospitalized,PB5288,Patient_C
PV8083,2024-09-29,Injectable Saline 0.9%,Injection site pain,Severe,Recovered,PB5340,Hospital_A
PV8084,2024-01-08,Amoxicillin 250mg Capsule,Nausea,Mild,Under Treatment,PB5140,Hospital_A
PV8085,2024-04-11,Cough Syrup 100ml,Rash,Moderate,Hospitalized,PB5192,Patient_C
PV8086,2024-09-01,Cough Syrup 100ml,Fever,Mild,Recovered,PB5106,Clinic_B
PV8087,2024-01-23,Injectable Saline 0.9%,Nausea,Mild,Recovered,PB5285,Hospital_A
PV8088,2024-06-13,Paracetamol 500mg Tablet,Injection site pain,Severe,Under Treatment,PB5308,Clinic_B
PV8089,2024-05-15,Cough Syrup 100ml,Headache,Mild,Hospitalized,PB5176,Clinic_B
PV8090,2024-11-15,Injectable Saline 0.9%,Nausea,Moderate,Recovered,PB5179,Clinic_B
PV8091,2024-03-23,Injectable Saline 0.9%,Nausea,Moderate,Recovered,PB5202,Clinic_B
PV8092,2024-10-22,Cough Syrup 100ml,Nausea,Severe,Recovered,PB5148,Hospital_A
PV8093,2024-10-31,Cough Syrup 100ml,Rash,Severe,Hospitalized,PB5003,Patient_C
PV8094,2024-07-21,Cough Syrup 100ml,Rash,Severe,Hospitalized,PB5247,Clinic_B
PV8095,2024-07-17,Injectable Saline 0.9%,Nausea,Mild,Hospitalized,PB5304,Clinic_B
PV8096,2024-09-10,Cough Syrup 100ml,Rash,Mild,Recovered,PB5108,Clinic_B
PV8097,2024-10-13,Cough Syrup 100ml,Rash,Mild,Hospitalized,PB5236,Clinic_B
PV8098,2024-12-09,Amoxicillin 250mg Capsule,Headache,Mild,Recovered,PB5117,Clinic_B
PV8099,2024-02-21,Amoxicillin 250mg Capsule,Fever,Severe,Recovered,PB5161,Hospital_A
PV8100,2024-06-24,Amoxicillin 250mg Capsule,Headache,Mild,Recovered,PB5358,Hospital_A
PV8101,2024-12-09,Injectable Saline 0.9%,Fever,Moderate,Under Treatment,PB5309,Clinic_B
PV8102,2024-07-10,Cough Syrup 100ml,Nausea,Moderate,Recovered,PB5149,Hospital_A
PV8103,2024-09-01,Cough Syrup 100ml,Headache,Moderate,Hospitalized,PB5116,Patient_C
PV8104,2024-01-04,Paracetamol 500mg Tablet,Fever,Severe,Under Treatment,PB5161,Hospital_A
PV8105,2024-07-21,Injectable Saline 0.9%,Nausea,Mild,Hospitalized,PB5256,Hospital_A
PV8106,2024-08-05,Cough Syrup 100ml,Rash,Mild,Recovered,PB5310,Clinic_B
PV8107,2024-08-01,Injectable Saline 0.9%,Nausea,Severe,Under Treatment,PB5111,Hospital_A
PV8108,2024-11-10,Injectable Saline 0.9%,Nausea,Severe,Recovered,PB5135,Hospital_A
PV8109,2024-09-25,Amoxicillin 250mg Capsule,Fever,Mild,Under Treatment,PB5277,Patient_C
PV8110,2024-10-25,Paracetamol 500mg Tablet,Headache,Moderate,Under Treatment,PB5239,Hospital_A
PV8111,2024-11-20,Injectable Saline 0.9%,Fever,Moderate,Under Treatment,PB5267,Hospital_A
PV8112,2024-02-26,Injectable Saline 0.9%,Injection site pain,Severe,Hospitalized,PB5216,Hospital_A
PV8113,2024-05-20,Cough Syrup 100ml,Rash,Mild,Hospitalized,PB5002,Hospital_A
PV8114,2024-02-02,Paracetamol 500mg Tablet,Injection site pain,Mild,Under Treatment,PB5205,Clinic_B
PV8115,2024-08-31,Injectable Saline 0.9%,Headache,Mild,Recovered,PB5057,Patient_C
PV8116,2024-08-14,Amoxicillin 250mg Capsule,Rash,Moderate,Hospitalized,PB5078,Hospital_A
PV8117,2024-04-09,Injectable Saline 0.9%,Nausea,Moderate,Recovered,PB5259,Clinic_B
PV8118,2024-02-07,Paracetamol 500mg Tablet,Fever,Moderate,Recovered,PB5074,Hospital_A
PV8119,2024-03-11,Cough Syrup 100ml,Nausea,Mild,Under Treatment,PB5137,Clinic_B
PV8120,2024-10-02,Paracetamol 500mg Tablet,Rash,Moderate,Hospitalized,PB5244,Clinic_B
