[
  {
    "chemical": "Ammonium Nitrate",
    "hazards": "Oxidizer; explosion risk when contaminated with fuel",
    "ppe": "Gloves,goggles,anti-static clothing",
    "first_aid": "Flush with water, seek medical attention",
    "storage": "Cool dry ventilated area away from combustibles",
    "fire_fighting": "Water spray to cool containers"
  },
  {
    "chemical": "Fuel Oil",
    "hazards": "Flammable",
    "ppe": "Gloves,goggles",
    "first_aid": "Fresh air, wash skin",
    "storage": "Away from heat",
    "fire_fighting": "Foam, CO2"
  }
]